Unnamed: 0,file_name,classes,balance
8865,merger_datasets/train_data/994-cutout-HSC-G-9560-pdr3_wide.fits,merger,"(4813.75, 9627.5]"
16732,single_AGN_datasets/confirmed_single_AGN/UNK_130928.54+003534.4.fits,single_agn,"(14441.25, 19255.0]"
16822,single_AGN_datasets/confirmed_single_AGN_fall/QSO_000715_56_013457_7.fits,single_agn,"(14441.25, 19255.0]"
1997,dual_AGN_datasets/HSC_I/simulated_double_AGN_images_spring/1.7_asec_separations/QSO_145334_07_425647_4_rotated_350_degrees_1.0_QSO_130949_15_004840_0_.fits,dual_agn,"(-19.255, 4813.75]"
14087,offset_AGN_datasets/train_data/7_with_AGN_1078.fits,offset_agn,"(9627.5, 14441.25]"
2106,dual_AGN_datasets/HSC_I/simulated_double_AGN_images_spring/0.5_asec_separations/QSO_145334_07_425647_4_rotated_160_degrees_1.0_QSO_122814_50_005728_9_.fits,dual_agn,"(-19.255, 4813.75]"
1341,dual_AGN_datasets/train_data/9_with_AGN_915.fits,dual_agn,"(-19.255, 4813.75]"
5653,merger_datasets/train_data/155-cutout-HSC-G-9316-pdr3_wide.fits,merger,"(4813.75, 9627.5]"
2846,dual_AGN_datasets/HSC_I/simulated_double_AGN_images_spring/1.4_asec_separations/QSO_145334_07_425647_4_rotated_20_degrees_1.0_QSO_100939_52_003325_2_.fits,dual_agn,"(-19.255, 4813.75]"
16924,single_AGN_datasets/confirmed_single_AGN_fall/QSO_011247_66_001938_7.fits,single_agn,"(14441.25, 19255.0]"
14272,offset_AGN_datasets/train_data/19_with_AGN_622.fits,offset_agn,"(9627.5, 14441.25]"
8314,merger_datasets/train_data/4763-cutout-HSC-G-9374-pdr3_wide.fits,merger,"(4813.75, 9627.5]"
12529,offset_AGN_datasets/train_data/20_with_AGN_414.fits,offset_agn,"(9627.5, 14441.25]"
4916,merger_datasets/train_data/1260-cutout-HSC-G-9803-pdr3_wide.fits,merger,"(4813.75, 9627.5]"
15328,single_AGN_datasets/confirmed_single_AGN/QSO_013847.98+023729.6.fits,single_agn,"(14441.25, 19255.0]"
3970,dual_AGN_datasets/HSC_I/simulated_double_AGN_images_spring/1.7_asec_separations/QSO_145334_07_425647_4_rotated_140_degrees_1.0_QSO_095334_96_003724_4_.fits,dual_agn,"(-19.255, 4813.75]"
16429,single_AGN_datasets/confirmed_single_AGN_fall/QSO_013039_31_021408_4.fits,single_agn,"(14441.25, 19255.0]"
17895,single_AGN_datasets/confirmed_single_AGN/QSO_003751.96+010737.0.fits,single_agn,"(14441.25, 19255.0]"
7295,merger_datasets/train_data/1885-cutout-HSC-G-9313-pdr3_wide.fits,merger,"(4813.75, 9627.5]"
12634,offset_AGN_datasets/train_data/12_with_AGN_917.fits,offset_agn,"(9627.5, 14441.25]"
12050,offset_AGN_datasets/train_data/12_with_AGN_1372.fits,offset_agn,"(9627.5, 14441.25]"
2139,dual_AGN_datasets/train_data/11_with_AGN_14.fits,dual_agn,"(-19.255, 4813.75]"
2624,dual_AGN_datasets/train_data/4_with_AGN_1282.fits,dual_agn,"(-19.255, 4813.75]"
4800,dual_AGN_datasets/train_data/19_with_AGN_386.fits,dual_agn,"(-19.255, 4813.75]"
8585,merger_datasets/train_data/860-cutout-HSC-G-9803-pdr3_wide.fits,merger,"(4813.75, 9627.5]"
6458,merger_datasets/train_data/1145-cutout-HSC-G-9804-pdr3_wide.fits,merger,"(4813.75, 9627.5]"
15047,single_AGN_datasets/confirmed_single_AGN_fall/QSO_011137_51_003313_1.fits,single_agn,"(14441.25, 19255.0]"
16923,single_AGN_datasets/confirmed_single_AGN_spring/QSO_112919_66_002220_3.fits,single_agn,"(14441.25, 19255.0]"
13882,offset_AGN_datasets/train_data/7_with_AGN_669.fits,offset_agn,"(9627.5, 14441.25]"
19250,single_AGN_datasets/confirmed_single_AGN/QSO_112602.12-011834.3.fits,single_agn,"(14441.25, 19255.0]"
4054,dual_AGN_datasets/train_data/7_with_AGN_1273.fits,dual_agn,"(-19.255, 4813.75]"
9613,merger_datasets/train_data/3426-cutout-HSC-G-9836-pdr3_wide.fits,merger,"(4813.75, 9627.5]"
1646,dual_AGN_datasets/HSC_I/simulated_double_AGN_images_spring/1.4_asec_separations/QSO_145334_07_425647_4_rotated_120_degrees_1.0_QSO_112439_79_002557_9_.fits,dual_agn,"(-19.255, 4813.75]"
11502,offset_AGN_datasets/train_data/6_with_AGN_303.fits,offset_agn,"(9627.5, 14441.25]"
1011,dual_AGN_datasets/train_data/9_with_AGN_1015.fits,dual_agn,"(-19.255, 4813.75]"
5961,merger_datasets/train_data/4454-cutout-HSC-G-9612-pdr3_wide.fits,merger,"(4813.75, 9627.5]"
17491,single_AGN_datasets/confirmed_single_AGN/QSO_125354.31+000056.7.fits,single_agn,"(14441.25, 19255.0]"
10915,offset_AGN_datasets/train_data/5_with_AGN_237.fits,offset_agn,"(9627.5, 14441.25]"
7581,merger_datasets/train_data/3252-cutout-HSC-G-9589-pdr3_wide.fits,merger,"(4813.75, 9627.5]"
1957,dual_AGN_datasets/HSC_I/simulated_double_AGN_images_spring/1.3_asec_separations/QSO_145334_07_425647_4_rotated_0_degrees_1.0_QSO_105106_11_004828_1_.fits,dual_agn,"(-19.255, 4813.75]"
1417,dual_AGN_datasets/train_data/18_with_AGN_913.fits,dual_agn,"(-19.255, 4813.75]"
17995,single_AGN_datasets/confirmed_single_AGN/QSO_141210.41-002732.6.fits,single_agn,"(14441.25, 19255.0]"
8944,merger_datasets/train_data/2464-cutout-HSC-G-9316-pdr3_wide.fits,merger,"(4813.75, 9627.5]"
5136,merger_datasets/train_data/5900-cutout-HSC-G-9856-pdr3_wide.fits,merger,"(4813.75, 9627.5]"
10908,offset_AGN_datasets/train_data/3_with_AGN_964.fits,offset_agn,"(9627.5, 14441.25]"
9198,merger_datasets/train_data/3927-cutout-HSC-G-9346-pdr3_wide.fits,merger,"(4813.75, 9627.5]"
11395,offset_AGN_datasets/train_data/7_with_AGN_721.fits,offset_agn,"(9627.5, 14441.25]"
11616,offset_AGN_datasets/train_data/1_with_AGN_40.fits,offset_agn,"(9627.5, 14441.25]"
17451,single_AGN_datasets/confirmed_single_AGN_spring/QSO_123414_76_000603_4.fits,single_agn,"(14441.25, 19255.0]"
16736,single_AGN_datasets/confirmed_single_AGN_fall/QSO_000040_54_002828_5.fits,single_agn,"(14441.25, 19255.0]"
16080,single_AGN_datasets/confirmed_single_AGN/QSO_015422.54+014758.3.fits,single_agn,"(14441.25, 19255.0]"
4166,dual_AGN_datasets/train_data/8_with_AGN_1221.fits,dual_agn,"(-19.255, 4813.75]"
15156,single_AGN_datasets/confirmed_single_AGN/QSO_112946.01-012140.5.fits,single_agn,"(14441.25, 19255.0]"
13940,offset_AGN_datasets/train_data/6_with_AGN_1255.fits,offset_agn,"(9627.5, 14441.25]"
3893,dual_AGN_datasets/train_data/8_with_AGN_1036.fits,dual_agn,"(-19.255, 4813.75]"
5036,merger_datasets/train_data/2032-cutout-HSC-G-9313-pdr3_wide.fits,merger,"(4813.75, 9627.5]"
18354,single_AGN_datasets/confirmed_single_AGN_spring/QSO_143759_86_005543_6.fits,single_agn,"(14441.25, 19255.0]"
12078,offset_AGN_datasets/train_data/6_with_AGN_1074.fits,offset_agn,"(9627.5, 14441.25]"
3685,dual_AGN_datasets/train_data/10_with_AGN_588.fits,dual_agn,"(-19.255, 4813.75]"
16153,single_AGN_datasets/confirmed_single_AGN_fall/QSO_002156_09_015124_5.fits,single_agn,"(14441.25, 19255.0]"
10164,offset_AGN_datasets/train_data/18_with_AGN_313.fits,offset_agn,"(9627.5, 14441.25]"
658,dual_AGN_datasets/train_data/3_with_AGN_603.fits,dual_agn,"(-19.255, 4813.75]"
17929,single_AGN_datasets/confirmed_single_AGN_spring/QSO_123129_34_012442_1.fits,single_agn,"(14441.25, 19255.0]"
11279,offset_AGN_datasets/train_data/6_with_AGN_572.fits,offset_agn,"(9627.5, 14441.25]"
16568,single_AGN_datasets/confirmed_single_AGN_spring/QSO_090655_85_001446_5.fits,single_agn,"(14441.25, 19255.0]"
3209,dual_AGN_datasets/train_data/4_with_AGN_1365.fits,dual_agn,"(-19.255, 4813.75]"
11317,offset_AGN_datasets/train_data/14_with_AGN_702.fits,offset_agn,"(9627.5, 14441.25]"
16466,single_AGN_datasets/confirmed_single_AGN/UNK_143615.93-013247.4.fits,single_agn,"(14441.25, 19255.0]"
11305,offset_AGN_datasets/train_data/12_with_AGN_896.fits,offset_agn,"(9627.5, 14441.25]"
12844,offset_AGN_datasets/train_data/18_with_AGN_1311.fits,offset_agn,"(9627.5, 14441.25]"
19023,single_AGN_datasets/confirmed_single_AGN_spring/QSO_141318_47_002106_5.fits,single_agn,"(14441.25, 19255.0]"
7746,merger_datasets/train_data/2789-cutout-HSC-G-9347-pdr3_wide.fits,merger,"(4813.75, 9627.5]"
11826,offset_AGN_datasets/train_data/1_with_AGN_12.fits,offset_agn,"(9627.5, 14441.25]"
3027,dual_AGN_datasets/train_data/7_with_AGN_37.fits,dual_agn,"(-19.255, 4813.75]"
7988,merger_datasets/train_data/4944-cutout-HSC-G-9371-pdr3_wide.fits,merger,"(4813.75, 9627.5]"
9922,offset_AGN_datasets/train_data/17_with_AGN_1194.fits,offset_agn,"(9627.5, 14441.25]"
8540,merger_datasets/train_data/7107-cutout-HSC-G-9373-pdr3_wide.fits,merger,"(4813.75, 9627.5]"
18071,single_AGN_datasets/confirmed_single_AGN_fall/QSO_002746_58_012045_1.fits,single_agn,"(14441.25, 19255.0]"
5596,merger_datasets/train_data/7066-cutout-HSC-G-9371-pdr3_wide.fits,merger,"(4813.75, 9627.5]"
3472,dual_AGN_datasets/train_data/13_with_AGN_268.fits,dual_agn,"(-19.255, 4813.75]"
18609,single_AGN_datasets/confirmed_single_AGN_spring/QSO_144718_85_013021_0.fits,single_agn,"(14441.25, 19255.0]"
15845,single_AGN_datasets/confirmed_single_AGN/QSO_005710.51-001046.8.fits,single_agn,"(14441.25, 19255.0]"
7742,merger_datasets/train_data/477-cutout-HSC-G-9563-pdr3_wide.fits,merger,"(4813.75, 9627.5]"
3261,dual_AGN_datasets/HSC_I/simulated_double_AGN_images_spring/1.8_asec_separations/QSO_145334_07_425647_4_rotated_210_degrees_1.0_QSO_120802_32_002450_7_.fits,dual_agn,"(-19.255, 4813.75]"
8148,merger_datasets/train_data/3415-cutout-HSC-G-9593-pdr3_wide.fits,merger,"(4813.75, 9627.5]"
15476,single_AGN_datasets/confirmed_single_AGN_spring/QSO_115431_28_005811_3.fits,single_agn,"(14441.25, 19255.0]"
4652,dual_AGN_datasets/HSC_I/simulated_double_AGN_images_spring/1.2_asec_separations/QSO_145334_07_425647_4_rotated_50_degrees_1.0_QSO_095742_80_010808_6_.fits,dual_agn,"(-19.255, 4813.75]"
14554,single_AGN_datasets/confirmed_single_AGN/QSO_014136.65+000910.7.fits,single_agn,"(14441.25, 19255.0]"
7610,merger_datasets/train_data/2726-cutout-HSC-G-9594-pdr3_wide.fits,merger,"(4813.75, 9627.5]"
6679,merger_datasets/train_data/5309-cutout-HSC-G-9615-pdr3_wide.fits,merger,"(4813.75, 9627.5]"
11587,offset_AGN_datasets/train_data/5_with_AGN_626.fits,offset_agn,"(9627.5, 14441.25]"
14250,offset_AGN_datasets/train_data/7_with_AGN_439.fits,offset_agn,"(9627.5, 14441.25]"
4004,dual_AGN_datasets/train_data/2_with_AGN_354.fits,dual_agn,"(-19.255, 4813.75]"
13505,offset_AGN_datasets/train_data/12_with_AGN_595.fits,offset_agn,"(9627.5, 14441.25]"
1641,dual_AGN_datasets/train_data/15_with_AGN_840.fits,dual_agn,"(-19.255, 4813.75]"
7760,merger_datasets/train_data/3386-cutout-HSC-G-9834-pdr3_wide.fits,merger,"(4813.75, 9627.5]"
11167,offset_AGN_datasets/train_data/0_with_AGN_26.fits,offset_agn,"(9627.5, 14441.25]"
18304,single_AGN_datasets/confirmed_single_AGN_spring/QSO_140932_85_002337_7.fits,single_agn,"(14441.25, 19255.0]"
4557,dual_AGN_datasets/train_data/13_with_AGN_787.fits,dual_agn,"(-19.255, 4813.75]"
12471,offset_AGN_datasets/train_data/1_with_AGN_452.fits,offset_agn,"(9627.5, 14441.25]"
3172,dual_AGN_datasets/HSC_I/simulated_double_AGN_images_spring/0.7_asec_separations/QSO_145334_07_425647_4_rotated_70_degrees_1.0_QSO_114828_41_014259_6_.fits,dual_agn,"(-19.255, 4813.75]"
1925,dual_AGN_datasets/HSC_I/simulated_double_AGN_images_spring/1.0_asec_separations/QSO_145334_07_425647_4_rotated_310_degrees_1.0_QSO_142332_24_002711_4_.fits,dual_agn,"(-19.255, 4813.75]"
14945,single_AGN_datasets/confirmed_single_AGN_spring/QSO_102941_56_014233_9.fits,single_agn,"(14441.25, 19255.0]"
18955,single_AGN_datasets/confirmed_single_AGN_fall/QSO_000618_63_001304_9.fits,single_agn,"(14441.25, 19255.0]"
1886,dual_AGN_datasets/HSC_I/simulated_double_AGN_images_spring/0.7_asec_separations/QSO_145334_07_425647_4_rotated_100_degrees_1.0_QSO_095334_96_003724_4_.fits,dual_agn,"(-19.255, 4813.75]"
19198,single_AGN_datasets/confirmed_single_AGN_spring/QSO_144002_56_000039_3.fits,single_agn,"(14441.25, 19255.0]"
18789,single_AGN_datasets/confirmed_single_AGN_spring/QSO_093403_72_010724_4.fits,single_agn,"(14441.25, 19255.0]"
2468,dual_AGN_datasets/train_data/13_with_AGN_1269.fits,dual_agn,"(-19.255, 4813.75]"
17364,single_AGN_datasets/confirmed_single_AGN_fall/QSO_000059_35_025701_1.fits,single_agn,"(14441.25, 19255.0]"
2225,dual_AGN_datasets/HSC_I/simulated_double_AGN_images_spring/1.8_asec_separations/QSO_145334_07_425647_4_rotated_100_degrees_1.0_QSO_125032_84_010514_3_.fits,dual_agn,"(-19.255, 4813.75]"
11429,offset_AGN_datasets/train_data/16_with_AGN_1253.fits,offset_agn,"(9627.5, 14441.25]"
18245,single_AGN_datasets/confirmed_single_AGN/UNK_012153.00-003207.7.fits,single_agn,"(14441.25, 19255.0]"
11132,offset_AGN_datasets/train_data/9_with_AGN_1081.fits,offset_agn,"(9627.5, 14441.25]"
7139,merger_datasets/train_data/2769-cutout-HSC-G-9346-pdr3_wide.fits,merger,"(4813.75, 9627.5]"
16683,single_AGN_datasets/confirmed_single_AGN_spring/QSO_143645_31_000547_6.fits,single_agn,"(14441.25, 19255.0]"
9177,merger_datasets/train_data/1184-cutout-HSC-G-9806-pdr3_wide.fits,merger,"(4813.75, 9627.5]"
19085,single_AGN_datasets/confirmed_single_AGN_spring/QSO_105807_94_000914_8.fits,single_agn,"(14441.25, 19255.0]"
17600,single_AGN_datasets/confirmed_single_AGN_spring/QSO_105319_22_001841_5.fits,single_agn,"(14441.25, 19255.0]"
16138,single_AGN_datasets/confirmed_single_AGN_spring/QSO_125348_38_015611_3.fits,single_agn,"(14441.25, 19255.0]"
3410,dual_AGN_datasets/HSC_I/simulated_double_AGN_images_spring/1.8_asec_separations/QSO_145334_07_425647_4_rotated_90_degrees_1.0_QSO_091445_83_015808_9_.fits,dual_agn,"(-19.255, 4813.75]"
13417,offset_AGN_datasets/train_data/4_with_AGN_802.fits,offset_agn,"(9627.5, 14441.25]"
17117,single_AGN_datasets/confirmed_single_AGN/QSO_125631.09-004340.4.fits,single_agn,"(14441.25, 19255.0]"
6598,merger_datasets/train_data/3141-cutout-HSC-G-9588-pdr3_wide.fits,merger,"(4813.75, 9627.5]"
2474,dual_AGN_datasets/train_data/6_with_AGN_767.fits,dual_agn,"(-19.255, 4813.75]"
15444,single_AGN_datasets/confirmed_single_AGN/QSO_003519.73+033936.1.fits,single_agn,"(14441.25, 19255.0]"
2853,dual_AGN_datasets/train_data/2_with_AGN_671.fits,dual_agn,"(-19.255, 4813.75]"
13196,offset_AGN_datasets/train_data/11_with_AGN_153.fits,offset_agn,"(9627.5, 14441.25]"
4235,dual_AGN_datasets/train_data/19_with_AGN_855.fits,dual_agn,"(-19.255, 4813.75]"
10932,offset_AGN_datasets/train_data/10_with_AGN_1085.fits,offset_agn,"(9627.5, 14441.25]"
13859,offset_AGN_datasets/train_data/7_with_AGN_420.fits,offset_agn,"(9627.5, 14441.25]"
3627,dual_AGN_datasets/HSC_I/simulated_double_AGN_images_spring/1.8_asec_separations/QSO_145334_07_425647_4_rotated_230_degrees_1.0_QSO_123143_09_002846_2_.fits,dual_agn,"(-19.255, 4813.75]"
772,dual_AGN_datasets/HSC_I/simulated_double_AGN_images_spring/0.6_asec_separations/QSO_145334_07_425647_4_rotated_0_degrees_1.0_QSO_103133_88_002855_9_.fits,dual_agn,"(-19.255, 4813.75]"
6723,merger_datasets/train_data/3749-cutout-HSC-G-9834-pdr3_wide.fits,merger,"(4813.75, 9627.5]"
7924,merger_datasets/train_data/510-cutout-HSC-G-9558-pdr3_wide.fits,merger,"(4813.75, 9627.5]"
10706,offset_AGN_datasets/train_data/2_with_AGN_486.fits,offset_agn,"(9627.5, 14441.25]"
2160,dual_AGN_datasets/HSC_I/simulated_double_AGN_images_spring/0.6_asec_separations/QSO_145334_07_425647_4_rotated_20_degrees_1.0_QSO_102050_32_014052_2_.fits,dual_agn,"(-19.255, 4813.75]"
11923,offset_AGN_datasets/train_data/16_with_AGN_47.fits,offset_agn,"(9627.5, 14441.25]"
1502,dual_AGN_datasets/train_data/1_with_AGN_485.fits,dual_agn,"(-19.255, 4813.75]"
3308,dual_AGN_datasets/HSC_I/simulated_double_AGN_images_spring/1.6_asec_separations/QSO_145334_07_425647_4_rotated_170_degrees_1.0_QSO_113939_55_001706_4_.fits,dual_agn,"(-19.255, 4813.75]"
16389,single_AGN_datasets/confirmed_single_AGN_spring/QSO_100347_55_004422_3.fits,single_agn,"(14441.25, 19255.0]"
6042,merger_datasets/train_data/5915-cutout-HSC-G-9857-pdr3_wide.fits,merger,"(4813.75, 9627.5]"
5279,merger_datasets/train_data/567-cutout-HSC-G-9564-pdr3_wide.fits,merger,"(4813.75, 9627.5]"
11987,offset_AGN_datasets/train_data/20_with_AGN_106.fits,offset_agn,"(9627.5, 14441.25]"
12243,offset_AGN_datasets/train_data/4_with_AGN_1050.fits,offset_agn,"(9627.5, 14441.25]"
16433,single_AGN_datasets/confirmed_single_AGN_spring/QSO_113250_85_002001_0.fits,single_agn,"(14441.25, 19255.0]"
14046,offset_AGN_datasets/train_data/18_with_AGN_1230.fits,offset_agn,"(9627.5, 14441.25]"
16650,single_AGN_datasets/confirmed_single_AGN_spring/QSO_113734_73_005945_5.fits,single_agn,"(14441.25, 19255.0]"
5356,merger_datasets/train_data/6373-cutout-HSC-G-9616-pdr3_wide.fits,merger,"(4813.75, 9627.5]"
12143,offset_AGN_datasets/train_data/10_with_AGN_262.fits,offset_agn,"(9627.5, 14441.25]"
16112,single_AGN_datasets/confirmed_single_AGN_fall/QSO_002721_58_004522_1.fits,single_agn,"(14441.25, 19255.0]"
13499,offset_AGN_datasets/train_data/2_with_AGN_178.fits,offset_agn,"(9627.5, 14441.25]"
11847,offset_AGN_datasets/train_data/19_with_AGN_171.fits,offset_agn,"(9627.5, 14441.25]"
4548,dual_AGN_datasets/HSC_I/simulated_double_AGN_images_spring/2.0_asec_separations/QSO_145334_07_425647_4_rotated_140_degrees_1.0_QSO_142918_77_015538_2_.fits,dual_agn,"(-19.255, 4813.75]"
3065,dual_AGN_datasets/train_data/15_with_AGN_1016.fits,dual_agn,"(-19.255, 4813.75]"
14337,offset_AGN_datasets/train_data/6_with_AGN_562.fits,offset_agn,"(9627.5, 14441.25]"
8150,merger_datasets/train_data/6980-cutout-HSC-G-9369-pdr3_wide.fits,merger,"(4813.75, 9627.5]"
9692,offset_AGN_datasets/train_data/1_with_AGN_1281.fits,offset_agn,"(9627.5, 14441.25]"
10851,offset_AGN_datasets/train_data/14_with_AGN_119.fits,offset_agn,"(9627.5, 14441.25]"
17247,single_AGN_datasets/confirmed_single_AGN_spring/QSO_083747_36_001407_2.fits,single_agn,"(14441.25, 19255.0]"
18509,single_AGN_datasets/confirmed_single_AGN/QSO_014418.55+002046.2.fits,single_agn,"(14441.25, 19255.0]"
16845,single_AGN_datasets/confirmed_single_AGN_spring/QSO_121919_67_002918_4.fits,single_agn,"(14441.25, 19255.0]"
10492,offset_AGN_datasets/train_data/11_with_AGN_631.fits,offset_agn,"(9627.5, 14441.25]"
15741,single_AGN_datasets/confirmed_single_AGN_spring/QSO_083312_06_000843_1.fits,single_agn,"(14441.25, 19255.0]"
7153,merger_datasets/train_data/4605-cutout-HSC-G-9618-pdr3_wide.fits,merger,"(4813.75, 9627.5]"
5154,merger_datasets/train_data/6089-cutout-HSC-G-9859-pdr3_wide.fits,merger,"(4813.75, 9627.5]"
16909,single_AGN_datasets/confirmed_single_AGN_spring/QSO_125825_20_000608_1.fits,single_agn,"(14441.25, 19255.0]"
4118,dual_AGN_datasets/HSC_I/simulated_double_AGN_images_spring/1.1_asec_separations/QSO_145334_07_425647_4_rotated_250_degrees_1.0_QSO_133059_10_005805_2_.fits,dual_agn,"(-19.255, 4813.75]"
2997,dual_AGN_datasets/HSC_I/simulated_double_AGN_images_spring/1.4_asec_separations/QSO_145334_07_425647_4_rotated_190_degrees_1.0_QSO_112439_79_002557_9_.fits,dual_agn,"(-19.255, 4813.75]"
4527,dual_AGN_datasets/train_data/16_with_AGN_168.fits,dual_agn,"(-19.255, 4813.75]"
8066,merger_datasets/train_data/5495-cutout-HSC-G-9616-pdr3_wide.fits,merger,"(4813.75, 9627.5]"
19102,single_AGN_datasets/confirmed_single_AGN_spring/QSO_145320_74_001035_9.fits,single_agn,"(14441.25, 19255.0]"
6078,merger_datasets/train_data/42-cutout-HSC-G-9317-pdr3_wide.fits,merger,"(4813.75, 9627.5]"
15984,single_AGN_datasets/confirmed_single_AGN_spring/QSO_123028_15_003841_6.fits,single_agn,"(14441.25, 19255.0]"
11435,offset_AGN_datasets/train_data/1_with_AGN_856.fits,offset_agn,"(9627.5, 14441.25]"
15655,single_AGN_datasets/confirmed_single_AGN/QSO_101514.22+004944.5.fits,single_agn,"(14441.25, 19255.0]"
15523,single_AGN_datasets/confirmed_single_AGN/QSO_013943.85-003612.0.fits,single_agn,"(14441.25, 19255.0]"
4507,dual_AGN_datasets/train_data/9_with_AGN_398.fits,dual_agn,"(-19.255, 4813.75]"
2613,dual_AGN_datasets/HSC_I/simulated_double_AGN_images_spring/0.5_asec_separations/QSO_145334_07_425647_4_rotated_10_degrees_1.0_QSO_105807_94_000914_8_.fits,dual_agn,"(-19.255, 4813.75]"
5947,merger_datasets/train_data/3666-cutout-HSC-G-9831-pdr3_wide.fits,merger,"(4813.75, 9627.5]"
5536,merger_datasets/train_data/5520-cutout-HSC-G-9618-pdr3_wide.fits,merger,"(4813.75, 9627.5]"
13645,offset_AGN_datasets/train_data/10_with_AGN_1182.fits,offset_agn,"(9627.5, 14441.25]"
5541,merger_datasets/train_data/4109-cutout-HSC-G-9348-pdr3_wide.fits,merger,"(4813.75, 9627.5]"
1767,dual_AGN_datasets/HSC_I/simulated_double_AGN_images_spring/0.7_asec_separations/QSO_145334_07_425647_4_rotated_280_degrees_1.0_QSO_102050_32_014052_2_.fits,dual_agn,"(-19.255, 4813.75]"
2232,dual_AGN_datasets/HSC_I/simulated_double_AGN_images_spring/0.7_asec_separations/QSO_145334_07_425647_4_rotated_90_degrees_1.0_QSO_122125_07_004130_6_.fits,dual_agn,"(-19.255, 4813.75]"
9597,merger_datasets/train_data/77-cutout-HSC-G-9320-pdr3_wide.fits,merger,"(4813.75, 9627.5]"
12832,offset_AGN_datasets/train_data/4_with_AGN_32.fits,offset_agn,"(9627.5, 14441.25]"
17268,single_AGN_datasets/confirmed_single_AGN_spring/QSO_085846_55_003247_7.fits,single_agn,"(14441.25, 19255.0]"
17333,single_AGN_datasets/confirmed_single_AGN/UNK_001201.87+005259.7.fits,single_agn,"(14441.25, 19255.0]"
6837,merger_datasets/train_data/4284-cutout-HSC-G-9348-pdr3_wide.fits,merger,"(4813.75, 9627.5]"
854,dual_AGN_datasets/HSC_I/simulated_double_AGN_images_spring/1.0_asec_separations/QSO_145334_07_425647_4_rotated_150_degrees_1.0_QSO_114828_41_014259_6_.fits,dual_agn,"(-19.255, 4813.75]"
12157,offset_AGN_datasets/train_data/0_with_AGN_1029.fits,offset_agn,"(9627.5, 14441.25]"
2980,dual_AGN_datasets/HSC_I/simulated_double_AGN_images_spring/1.0_asec_separations/QSO_145334_07_425647_4_rotated_70_degrees_1.0_QSO_133049_45_020101_4_.fits,dual_agn,"(-19.255, 4813.75]"
7441,merger_datasets/train_data/4859-cutout-HSC-G-9370-pdr3_wide.fits,merger,"(4813.75, 9627.5]"
14327,offset_AGN_datasets/train_data/5_with_AGN_867.fits,offset_agn,"(9627.5, 14441.25]"
4996,merger_datasets/train_data/775-cutout-HSC-G-9804-pdr3_wide.fits,merger,"(4813.75, 9627.5]"
19086,single_AGN_datasets/confirmed_single_AGN_spring/QSO_093722_71_001414_4.fits,single_agn,"(14441.25, 19255.0]"
17295,single_AGN_datasets/confirmed_single_AGN_fall/QSO_000217_65_002458_0.fits,single_agn,"(14441.25, 19255.0]"
8127,merger_datasets/train_data/2395-cutout-HSC-G-9316-pdr3_wide.fits,merger,"(4813.75, 9627.5]"
8526,merger_datasets/train_data/1328-cutout-HSC-G-9801-pdr3_wide.fits,merger,"(4813.75, 9627.5]"
5428,merger_datasets/train_data/360-cutout-HSC-G-9564-pdr3_wide.fits,merger,"(4813.75, 9627.5]"
15898,single_AGN_datasets/confirmed_single_AGN_spring/QSO_143212_69_011109_7.fits,single_agn,"(14441.25, 19255.0]"
13106,offset_AGN_datasets/train_data/13_with_AGN_491.fits,offset_agn,"(9627.5, 14441.25]"
6728,merger_datasets/train_data/2574-cutout-HSC-G-9593-pdr3_wide.fits,merger,"(4813.75, 9627.5]"
12041,offset_AGN_datasets/train_data/5_with_AGN_1283.fits,offset_agn,"(9627.5, 14441.25]"
4818,merger_datasets/train_data/5966-cutout-HSC-G-9859-pdr3_wide.fits,merger,"(4813.75, 9627.5]"
9034,merger_datasets/train_data/344-cutout-HSC-G-9563-pdr3_wide.fits,merger,"(4813.75, 9627.5]"
8506,merger_datasets/train_data/475-cutout-HSC-G-9563-pdr3_wide.fits,merger,"(4813.75, 9627.5]"
10196,offset_AGN_datasets/train_data/18_with_AGN_295.fits,offset_agn,"(9627.5, 14441.25]"
18546,single_AGN_datasets/confirmed_single_AGN_spring/QSO_122605_73_004141_7.fits,single_agn,"(14441.25, 19255.0]"
12378,offset_AGN_datasets/train_data/4_with_AGN_764.fits,offset_agn,"(9627.5, 14441.25]"
2727,dual_AGN_datasets/train_data/16_with_AGN_745.fits,dual_agn,"(-19.255, 4813.75]"
17225,single_AGN_datasets/confirmed_single_AGN/QSO_145351.12-001756.5.fits,single_agn,"(14441.25, 19255.0]"
4927,merger_datasets/train_data/4893-cutout-HSC-G-9370-pdr3_wide.fits,merger,"(4813.75, 9627.5]"
631,dual_AGN_datasets/train_data/13_with_AGN_1359.fits,dual_agn,"(-19.255, 4813.75]"
16384,single_AGN_datasets/confirmed_single_AGN/QSO_013753.96+024207.0.fits,single_agn,"(14441.25, 19255.0]"
12450,offset_AGN_datasets/train_data/14_with_AGN_1364.fits,offset_agn,"(9627.5, 14441.25]"
8316,merger_datasets/train_data/2260-cutout-HSC-G-9563-pdr3_wide.fits,merger,"(4813.75, 9627.5]"
16459,single_AGN_datasets/confirmed_single_AGN_spring/QSO_123736_00_015619_3.fits,single_agn,"(14441.25, 19255.0]"
6282,merger_datasets/train_data/1191-cutout-HSC-G-9799-pdr3_wide.fits,merger,"(4813.75, 9627.5]"
10060,offset_AGN_datasets/train_data/14_with_AGN_54.fits,offset_agn,"(9627.5, 14441.25]"
15511,single_AGN_datasets/confirmed_single_AGN/QSO_014638.32-004438.1.fits,single_agn,"(14441.25, 19255.0]"
8216,merger_datasets/train_data/2249-cutout-HSC-G-9562-pdr3_wide.fits,merger,"(4813.75, 9627.5]"
18091,single_AGN_datasets/confirmed_single_AGN_spring/QSO_131544_60_003321_7.fits,single_agn,"(14441.25, 19255.0]"
16401,single_AGN_datasets/confirmed_single_AGN_spring/QSO_133149_58_004346_3.fits,single_agn,"(14441.25, 19255.0]"
855,dual_AGN_datasets/train_data/12_with_AGN_396.fits,dual_agn,"(-19.255, 4813.75]"
328,dual_AGN_datasets/HSC_I/simulated_double_AGN_images_spring/1.3_asec_separations/QSO_145334_07_425647_4_rotated_40_degrees_1.0_QSO_120802_32_002450_7_.fits,dual_agn,"(-19.255, 4813.75]"
2342,dual_AGN_datasets/HSC_I/simulated_double_AGN_images_spring/1.2_asec_separations/QSO_145334_07_425647_4_rotated_120_degrees_1.0_QSO_102542_96_001051_1_.fits,dual_agn,"(-19.255, 4813.75]"
15800,single_AGN_datasets/confirmed_single_AGN_spring/QSO_092304_17_011841_2.fits,single_agn,"(14441.25, 19255.0]"
12621,offset_AGN_datasets/train_data/10_with_AGN_879.fits,offset_agn,"(9627.5, 14441.25]"
778,dual_AGN_datasets/train_data/14_with_AGN_907.fits,dual_agn,"(-19.255, 4813.75]"
12161,offset_AGN_datasets/train_data/17_with_AGN_502.fits,offset_agn,"(9627.5, 14441.25]"
8105,merger_datasets/train_data/4312-cutout-HSC-G-9350-pdr3_wide.fits,merger,"(4813.75, 9627.5]"
13220,offset_AGN_datasets/train_data/13_with_AGN_526.fits,offset_agn,"(9627.5, 14441.25]"
12290,offset_AGN_datasets/train_data/17_with_AGN_379.fits,offset_agn,"(9627.5, 14441.25]"
18716,single_AGN_datasets/confirmed_single_AGN/QSO_005210.15+024337.5.fits,single_agn,"(14441.25, 19255.0]"
6818,merger_datasets/train_data/3021-cutout-HSC-G-9587-pdr3_wide.fits,merger,"(4813.75, 9627.5]"
3889,dual_AGN_datasets/train_data/9_with_AGN_1287.fits,dual_agn,"(-19.255, 4813.75]"
13935,offset_AGN_datasets/train_data/8_with_AGN_223.fits,offset_agn,"(9627.5, 14441.25]"
809,dual_AGN_datasets/train_data/0_with_AGN_573.fits,dual_agn,"(-19.255, 4813.75]"
18356,single_AGN_datasets/confirmed_single_AGN/QSO_104900.92-012459.6.fits,single_agn,"(14441.25, 19255.0]"
12427,offset_AGN_datasets/train_data/9_with_AGN_125.fits,offset_agn,"(9627.5, 14441.25]"
8564,merger_datasets/train_data/947-cutout-HSC-G-9557-pdr3_wide.fits,merger,"(4813.75, 9627.5]"
17855,single_AGN_datasets/confirmed_single_AGN_spring/QSO_091352_22_001251_9.fits,single_agn,"(14441.25, 19255.0]"
2169,dual_AGN_datasets/train_data/14_with_AGN_863.fits,dual_agn,"(-19.255, 4813.75]"
15167,single_AGN_datasets/confirmed_single_AGN/QSO_003304.32-004813.6.fits,single_agn,"(14441.25, 19255.0]"
13457,offset_AGN_datasets/train_data/2_with_AGN_1124.fits,offset_agn,"(9627.5, 14441.25]"
9209,merger_datasets/train_data/5959-cutout-HSC-G-9858-pdr3_wide.fits,merger,"(4813.75, 9627.5]"
13465,offset_AGN_datasets/train_data/5_with_AGN_433.fits,offset_agn,"(9627.5, 14441.25]"
2584,dual_AGN_datasets/train_data/4_with_AGN_431.fits,dual_agn,"(-19.255, 4813.75]"
15219,single_AGN_datasets/confirmed_single_AGN_spring/QSO_124516_84_001550_5.fits,single_agn,"(14441.25, 19255.0]"
9393,merger_datasets/train_data/4502-cutout-HSC-G-9614-pdr3_wide.fits,merger,"(4813.75, 9627.5]"
11426,offset_AGN_datasets/train_data/14_with_AGN_170.fits,offset_agn,"(9627.5, 14441.25]"
19158,single_AGN_datasets/confirmed_single_AGN_spring/QSO_112042_17_003424_2.fits,single_agn,"(14441.25, 19255.0]"
12712,offset_AGN_datasets/train_data/0_with_AGN_1191.fits,offset_agn,"(9627.5, 14441.25]"
1491,dual_AGN_datasets/train_data/11_with_AGN_41.fits,dual_agn,"(-19.255, 4813.75]"
9571,merger_datasets/train_data/2480-cutout-HSC-G-9587-pdr3_wide.fits,merger,"(4813.75, 9627.5]"
14034,offset_AGN_datasets/train_data/2_with_AGN_1203.fits,offset_agn,"(9627.5, 14441.25]"
10381,offset_AGN_datasets/train_data/14_with_AGN_410.fits,offset_agn,"(9627.5, 14441.25]"
3835,dual_AGN_datasets/train_data/2_with_AGN_563.fits,dual_agn,"(-19.255, 4813.75]"
13032,offset_AGN_datasets/train_data/0_with_AGN_262.fits,offset_agn,"(9627.5, 14441.25]"
6398,merger_datasets/train_data/5085-cutout-HSC-G-9377-pdr3_wide.fits,merger,"(4813.75, 9627.5]"
7203,merger_datasets/train_data/3094-cutout-HSC-G-9592-pdr3_wide.fits,merger,"(4813.75, 9627.5]"
5403,merger_datasets/train_data/2940-cutout-HSC-G-9348-pdr3_wide.fits,merger,"(4813.75, 9627.5]"
874,dual_AGN_datasets/HSC_I/simulated_double_AGN_images_spring/1.6_asec_separations/QSO_145334_07_425647_4_rotated_120_degrees_1.0_QSO_142918_77_015538_2_.fits,dual_agn,"(-19.255, 4813.75]"
1443,dual_AGN_datasets/train_data/7_with_AGN_462.fits,dual_agn,"(-19.255, 4813.75]"
14239,offset_AGN_datasets/train_data/0_with_AGN_955.fits,offset_agn,"(9627.5, 14441.25]"
13968,offset_AGN_datasets/train_data/17_with_AGN_967.fits,offset_agn,"(9627.5, 14441.25]"
14912,single_AGN_datasets/confirmed_single_AGN_fall/QSO_000456_20_015151_2.fits,single_agn,"(14441.25, 19255.0]"
1559,dual_AGN_datasets/HSC_I/simulated_double_AGN_images_spring/0.6_asec_separations/QSO_145334_07_425647_4_rotated_130_degrees_1.0_QSO_105106_11_004828_1_.fits,dual_agn,"(-19.255, 4813.75]"
12962,offset_AGN_datasets/train_data/19_with_AGN_237.fits,offset_agn,"(9627.5, 14441.25]"
15588,single_AGN_datasets/confirmed_single_AGN/QSO_112753.39-020142.7.fits,single_agn,"(14441.25, 19255.0]"
11296,offset_AGN_datasets/train_data/18_with_AGN_654.fits,offset_agn,"(9627.5, 14441.25]"
2753,dual_AGN_datasets/HSC_I/simulated_double_AGN_images_spring/1.4_asec_separations/QSO_145334_07_425647_4_rotated_170_degrees_1.0_QSO_125032_84_010514_3_.fits,dual_agn,"(-19.255, 4813.75]"
7886,merger_datasets/train_data/2591-cutout-HSC-G-9594-pdr3_wide.fits,merger,"(4813.75, 9627.5]"
62,dual_AGN_datasets/HSC_I/simulated_double_AGN_images_spring/0.7_asec_separations/QSO_145334_07_425647_4_rotated_40_degrees_1.0_QSO_145038_50_000222_4_.fits,dual_agn,"(-19.255, 4813.75]"
4847,merger_datasets/train_data/3056-cutout-HSC-G-9590-pdr3_wide.fits,merger,"(4813.75, 9627.5]"
18991,single_AGN_datasets/confirmed_single_AGN/QSO_012820.55+044709.0.fits,single_agn,"(14441.25, 19255.0]"
8189,merger_datasets/train_data/3881-cutout-HSC-G-9831-pdr3_wide.fits,merger,"(4813.75, 9627.5]"
4748,dual_AGN_datasets/train_data/11_with_AGN_791.fits,dual_agn,"(-19.255, 4813.75]"
18492,single_AGN_datasets/confirmed_single_AGN_fall/QSO_001729_35_023050_5.fits,single_agn,"(14441.25, 19255.0]"
3899,dual_AGN_datasets/HSC_I/simulated_double_AGN_images_spring/0.7_asec_separations/QSO_145334_07_425647_4_rotated_330_degrees_1.0_QSO_093051_40_003726_6_.fits,dual_agn,"(-19.255, 4813.75]"
7220,merger_datasets/train_data/2948-cutout-HSC-G-9348-pdr3_wide.fits,merger,"(4813.75, 9627.5]"
14564,single_AGN_datasets/confirmed_single_AGN/QSO_135348.67-011008.6.fits,single_agn,"(14441.25, 19255.0]"
9199,merger_datasets/train_data/1909-cutout-HSC-G-9314-pdr3_wide.fits,merger,"(4813.75, 9627.5]"
6846,merger_datasets/train_data/3095-cutout-HSC-G-9593-pdr3_wide.fits,merger,"(4813.75, 9627.5]"
18770,single_AGN_datasets/confirmed_single_AGN/UNK_093430.78-001825.6.fits,single_agn,"(14441.25, 19255.0]"
4666,dual_AGN_datasets/train_data/7_with_AGN_1341.fits,dual_agn,"(-19.255, 4813.75]"
9511,merger_datasets/train_data/5603-cutout-HSC-G-9615-pdr3_wide.fits,merger,"(4813.75, 9627.5]"
1357,dual_AGN_datasets/train_data/1_with_AGN_924.fits,dual_agn,"(-19.255, 4813.75]"
15548,single_AGN_datasets/confirmed_single_AGN/QSO_095740.97-011032.9.fits,single_agn,"(14441.25, 19255.0]"
3221,dual_AGN_datasets/HSC_I/simulated_double_AGN_images_spring/1.8_asec_separations/QSO_145334_07_425647_4_rotated_210_degrees_1.0_QSO_105807_94_000914_8_.fits,dual_agn,"(-19.255, 4813.75]"
17477,single_AGN_datasets/confirmed_single_AGN_spring/QSO_142102_10_003213_1.fits,single_agn,"(14441.25, 19255.0]"
2082,dual_AGN_datasets/train_data/5_with_AGN_158.fits,dual_agn,"(-19.255, 4813.75]"
516,dual_AGN_datasets/train_data/16_with_AGN_241.fits,dual_agn,"(-19.255, 4813.75]"
18987,single_AGN_datasets/confirmed_single_AGN/QSO_011049.71-005511.2.fits,single_agn,"(14441.25, 19255.0]"
14894,single_AGN_datasets/confirmed_single_AGN_spring/QSO_123824_90_001834_5.fits,single_agn,"(14441.25, 19255.0]"
7005,merger_datasets/train_data/646-cutout-HSC-G-9560-pdr3_wide.fits,merger,"(4813.75, 9627.5]"
4397,dual_AGN_datasets/train_data/20_with_AGN_423.fits,dual_agn,"(-19.255, 4813.75]"
5723,merger_datasets/train_data/2851-cutout-HSC-G-9351-pdr3_wide.fits,merger,"(4813.75, 9627.5]"
8842,merger_datasets/train_data/7113-cutout-HSC-G-9374-pdr3_wide.fits,merger,"(4813.75, 9627.5]"
2033,dual_AGN_datasets/train_data/0_with_AGN_689.fits,dual_agn,"(-19.255, 4813.75]"
218,dual_AGN_datasets/HSC_I/simulated_double_AGN_images_spring/1.2_asec_separations/QSO_145334_07_425647_4_rotated_60_degrees_1.0_QSO_110727_10_001337_1_.fits,dual_agn,"(-19.255, 4813.75]"
16387,single_AGN_datasets/confirmed_single_AGN_spring/QSO_132250_01_000923_1.fits,single_agn,"(14441.25, 19255.0]"
12442,offset_AGN_datasets/train_data/1_with_AGN_937.fits,offset_agn,"(9627.5, 14441.25]"
18232,single_AGN_datasets/confirmed_single_AGN_spring/QSO_122125_07_004130_6.fits,single_agn,"(14441.25, 19255.0]"
17090,single_AGN_datasets/confirmed_single_AGN_spring/QSO_130340_70_001626_3.fits,single_agn,"(14441.25, 19255.0]"
16326,single_AGN_datasets/confirmed_single_AGN/QSO_093447.68-011107.7.fits,single_agn,"(14441.25, 19255.0]"
18948,single_AGN_datasets/confirmed_single_AGN/UNK_142053.11+001450.1.fits,single_agn,"(14441.25, 19255.0]"
1685,dual_AGN_datasets/HSC_I/simulated_double_AGN_images_spring/2.0_asec_separations/QSO_145334_07_425647_4_rotated_270_degrees_1.0_QSO_111455_39_020127_0_.fits,dual_agn,"(-19.255, 4813.75]"
15730,single_AGN_datasets/confirmed_single_AGN/UNK_123505.91-003022.3.fits,single_agn,"(14441.25, 19255.0]"
11095,offset_AGN_datasets/train_data/9_with_AGN_1217.fits,offset_agn,"(9627.5, 14441.25]"
18239,single_AGN_datasets/confirmed_single_AGN/QSO_011639.62+050619.2.fits,single_agn,"(14441.25, 19255.0]"
2513,dual_AGN_datasets/train_data/7_with_AGN_402.fits,dual_agn,"(-19.255, 4813.75]"
18579,single_AGN_datasets/confirmed_single_AGN_spring/QSO_093953_84_002638_4.fits,single_agn,"(14441.25, 19255.0]"
2094,dual_AGN_datasets/HSC_I/simulated_double_AGN_images_spring/2.0_asec_separations/QSO_145334_07_425647_4_rotated_280_degrees_1.0_QSO_093447_68_011107_7_.fits,dual_agn,"(-19.255, 4813.75]"
1520,dual_AGN_datasets/train_data/2_with_AGN_1214.fits,dual_agn,"(-19.255, 4813.75]"
2140,dual_AGN_datasets/train_data/15_with_AGN_1170.fits,dual_agn,"(-19.255, 4813.75]"
4085,dual_AGN_datasets/train_data/19_with_AGN_1051.fits,dual_agn,"(-19.255, 4813.75]"
14603,single_AGN_datasets/confirmed_single_AGN_fall/QSO_001516_34_001132_4.fits,single_agn,"(14441.25, 19255.0]"
18506,single_AGN_datasets/confirmed_single_AGN/UNK_115137.20-005013.1.fits,single_agn,"(14441.25, 19255.0]"
1690,dual_AGN_datasets/HSC_I/simulated_double_AGN_images_spring/0.7_asec_separations/QSO_145334_07_425647_4_rotated_330_degrees_1.0_QSO_101627_95_003008_6_.fits,dual_agn,"(-19.255, 4813.75]"
15650,single_AGN_datasets/confirmed_single_AGN/QSO_013646.98+042518.2.fits,single_agn,"(14441.25, 19255.0]"
13956,offset_AGN_datasets/train_data/13_with_AGN_1119.fits,offset_agn,"(9627.5, 14441.25]"
257,dual_AGN_datasets/Rotated_AGN_diff_fltrs/HSC_G/downloaded_images/0.65_arcsecond_separations/downloaded_images/QSO_000035.59-003146.1_HSC_HSC-G_rotated_160_degrees.fits,dual_agn,"(-19.255, 4813.75]"
3755,dual_AGN_datasets/train_data/5_with_AGN_568.fits,dual_agn,"(-19.255, 4813.75]"
14883,single_AGN_datasets/confirmed_single_AGN_spring/QSO_100104_17_001904_8.fits,single_agn,"(14441.25, 19255.0]"
2147,dual_AGN_datasets/HSC_I/simulated_double_AGN_images_spring/1.7_asec_separations/QSO_145334_07_425647_4_rotated_0_degrees_1.0_QSO_122125_07_004130_6_.fits,dual_agn,"(-19.255, 4813.75]"
12521,offset_AGN_datasets/train_data/5_with_AGN_24.fits,offset_agn,"(9627.5, 14441.25]"
12419,offset_AGN_datasets/train_data/0_with_AGN_1095.fits,offset_agn,"(9627.5, 14441.25]"
17662,single_AGN_datasets/confirmed_single_AGN/QSO_141053.51-001239.8.fits,single_agn,"(14441.25, 19255.0]"
5347,merger_datasets/train_data/4674-cutout-HSC-G-9370-pdr3_wide.fits,merger,"(4813.75, 9627.5]"
10662,offset_AGN_datasets/train_data/10_with_AGN_57.fits,offset_agn,"(9627.5, 14441.25]"
640,dual_AGN_datasets/train_data/4_with_AGN_448.fits,dual_agn,"(-19.255, 4813.75]"
17063,single_AGN_datasets/confirmed_single_AGN_spring/QSO_102341_81_015818_6.fits,single_agn,"(14441.25, 19255.0]"
15246,single_AGN_datasets/confirmed_single_AGN_spring/QSO_115010_60_002833_5.fits,single_agn,"(14441.25, 19255.0]"
7668,merger_datasets/train_data/5210-cutout-HSC-G-9618-pdr3_wide.fits,merger,"(4813.75, 9627.5]"
3588,dual_AGN_datasets/train_data/10_with_AGN_320.fits,dual_agn,"(-19.255, 4813.75]"
13838,offset_AGN_datasets/train_data/12_with_AGN_215.fits,offset_agn,"(9627.5, 14441.25]"
3302,dual_AGN_datasets/HSC_I/simulated_double_AGN_images_spring/2.0_asec_separations/QSO_145334_07_425647_4_rotated_160_degrees_1.0_QSO_115647_18_011208_6_.fits,dual_agn,"(-19.255, 4813.75]"
7109,merger_datasets/train_data/2784-cutout-HSC-G-9347-pdr3_wide.fits,merger,"(4813.75, 9627.5]"
10570,offset_AGN_datasets/train_data/19_with_AGN_329.fits,offset_agn,"(9627.5, 14441.25]"
13294,offset_AGN_datasets/train_data/2_with_AGN_1195.fits,offset_agn,"(9627.5, 14441.25]"
1193,dual_AGN_datasets/HSC_I/simulated_double_AGN_images_spring/0.5_asec_separations/QSO_145334_07_425647_4_rotated_10_degrees_1.0_QSO_112256_13_001655_6_.fits,dual_agn,"(-19.255, 4813.75]"
9937,offset_AGN_datasets/train_data/5_with_AGN_1007.fits,offset_agn,"(9627.5, 14441.25]"
3458,dual_AGN_datasets/train_data/2_with_AGN_792.fits,dual_agn,"(-19.255, 4813.75]"
2990,dual_AGN_datasets/HSC_I/simulated_double_AGN_images_spring/1.4_asec_separations/QSO_145334_07_425647_4_rotated_300_degrees_1.0_QSO_093447_68_011107_7_.fits,dual_agn,"(-19.255, 4813.75]"
4550,dual_AGN_datasets/train_data/16_with_AGN_826.fits,dual_agn,"(-19.255, 4813.75]"
8027,merger_datasets/train_data/821-cutout-HSC-G-9800-pdr3_wide.fits,merger,"(4813.75, 9627.5]"
4345,dual_AGN_datasets/HSC_I/simulated_double_AGN_images_spring/1.1_asec_separations/QSO_145334_07_425647_4_rotated_40_degrees_1.0_QSO_112256_13_001655_6_.fits,dual_agn,"(-19.255, 4813.75]"
4888,merger_datasets/train_data/5324-cutout-HSC-G-9616-pdr3_wide.fits,merger,"(4813.75, 9627.5]"
4207,dual_AGN_datasets/train_data/5_with_AGN_1232.fits,dual_agn,"(-19.255, 4813.75]"
11206,offset_AGN_datasets/train_data/12_with_AGN_1091.fits,offset_agn,"(9627.5, 14441.25]"
5740,merger_datasets/train_data/4227-cutout-HSC-G-9347-pdr3_wide.fits,merger,"(4813.75, 9627.5]"
9780,offset_AGN_datasets/train_data/15_with_AGN_617.fits,offset_agn,"(9627.5, 14441.25]"
16261,single_AGN_datasets/confirmed_single_AGN/QSO_003815.74-003856.4.fits,single_agn,"(14441.25, 19255.0]"
3634,dual_AGN_datasets/train_data/1_with_AGN_622.fits,dual_agn,"(-19.255, 4813.75]"
3471,dual_AGN_datasets/train_data/13_with_AGN_902.fits,dual_agn,"(-19.255, 4813.75]"
1571,dual_AGN_datasets/HSC_I/simulated_double_AGN_images_spring/1.2_asec_separations/QSO_145334_07_425647_4_rotated_0_degrees_1.0_QSO_095742_80_010808_6_.fits,dual_agn,"(-19.255, 4813.75]"
16694,single_AGN_datasets/confirmed_single_AGN_spring/QSO_123239_52_003611_1.fits,single_agn,"(14441.25, 19255.0]"
980,dual_AGN_datasets/train_data/12_with_AGN_790.fits,dual_agn,"(-19.255, 4813.75]"
5086,merger_datasets/train_data/4436-cutout-HSC-G-9594-pdr3_wide.fits,merger,"(4813.75, 9627.5]"
4443,dual_AGN_datasets/train_data/14_with_AGN_817.fits,dual_agn,"(-19.255, 4813.75]"
17191,single_AGN_datasets/confirmed_single_AGN_spring/QSO_115319_01_023048_2.fits,single_agn,"(14441.25, 19255.0]"
13389,offset_AGN_datasets/train_data/17_with_AGN_187.fits,offset_agn,"(9627.5, 14441.25]"
297,dual_AGN_datasets/train_data/0_with_AGN_468.fits,dual_agn,"(-19.255, 4813.75]"
6914,merger_datasets/train_data/3527-cutout-HSC-G-9587-pdr3_wide.fits,merger,"(4813.75, 9627.5]"
6744,merger_datasets/train_data/4177-cutout-HSC-G-9351-pdr3_wide.fits,merger,"(4813.75, 9627.5]"
9342,merger_datasets/train_data/3932-cutout-HSC-G-9347-pdr3_wide.fits,merger,"(4813.75, 9627.5]"
5149,merger_datasets/train_data/3249-cutout-HSC-G-9589-pdr3_wide.fits,merger,"(4813.75, 9627.5]"
18149,single_AGN_datasets/confirmed_single_AGN_spring/QSO_105528_01_004513_0.fits,single_agn,"(14441.25, 19255.0]"
9566,merger_datasets/train_data/3867-cutout-HSC-G-9830-pdr3_wide.fits,merger,"(4813.75, 9627.5]"
13890,offset_AGN_datasets/train_data/19_with_AGN_1250.fits,offset_agn,"(9627.5, 14441.25]"
1662,dual_AGN_datasets/train_data/8_with_AGN_1093.fits,dual_agn,"(-19.255, 4813.75]"
12587,offset_AGN_datasets/train_data/4_with_AGN_1250.fits,offset_agn,"(9627.5, 14441.25]"
15403,single_AGN_datasets/confirmed_single_AGN_fall/QSO_000027_31_013126_1.fits,single_agn,"(14441.25, 19255.0]"
7772,merger_datasets/train_data/262-cutout-HSC-G-9557-pdr3_wide.fits,merger,"(4813.75, 9627.5]"
3009,dual_AGN_datasets/train_data/9_with_AGN_494.fits,dual_agn,"(-19.255, 4813.75]"
1171,dual_AGN_datasets/train_data/5_with_AGN_597.fits,dual_agn,"(-19.255, 4813.75]"
16659,single_AGN_datasets/confirmed_single_AGN_spring/QSO_093834_40_010516_8.fits,single_agn,"(14441.25, 19255.0]"
1881,dual_AGN_datasets/HSC_I/simulated_double_AGN_images_spring/1.6_asec_separations/QSO_145334_07_425647_4_rotated_170_degrees_1.0_QSO_145038_50_000222_4_.fits,dual_agn,"(-19.255, 4813.75]"
13764,offset_AGN_datasets/train_data/2_with_AGN_1214.fits,offset_agn,"(9627.5, 14441.25]"
16189,single_AGN_datasets/confirmed_single_AGN/QSO_014059.46+043216.8.fits,single_agn,"(14441.25, 19255.0]"
18502,single_AGN_datasets/confirmed_single_AGN/QSO_104233.08-010954.5.fits,single_agn,"(14441.25, 19255.0]"
14182,offset_AGN_datasets/train_data/20_with_AGN_33.fits,offset_agn,"(9627.5, 14441.25]"
13971,offset_AGN_datasets/train_data/18_with_AGN_51.fits,offset_agn,"(9627.5, 14441.25]"
14523,single_AGN_datasets/confirmed_single_AGN_fall/QSO_000055_19_001345_1.fits,single_agn,"(14441.25, 19255.0]"
8689,merger_datasets/train_data/470-cutout-HSC-G-9563-pdr3_wide.fits,merger,"(4813.75, 9627.5]"
17675,single_AGN_datasets/confirmed_single_AGN_spring/QSO_092559_49_004341_0.fits,single_agn,"(14441.25, 19255.0]"
6767,merger_datasets/train_data/6569-cutout-HSC-G-9862-pdr3_wide.fits,merger,"(4813.75, 9627.5]"
709,dual_AGN_datasets/train_data/3_with_AGN_98.fits,dual_agn,"(-19.255, 4813.75]"
13436,offset_AGN_datasets/train_data/20_with_AGN_98.fits,offset_agn,"(9627.5, 14441.25]"
18917,single_AGN_datasets/confirmed_single_AGN_fall/QSO_012218_60_020834_8.fits,single_agn,"(14441.25, 19255.0]"
2915,dual_AGN_datasets/HSC_I/simulated_double_AGN_images_spring/1.3_asec_separations/QSO_145334_07_425647_4_rotated_30_degrees_1.0_QSO_123028_15_003841_6_.fits,dual_agn,"(-19.255, 4813.75]"
4319,dual_AGN_datasets/train_data/1_with_AGN_971.fits,dual_agn,"(-19.255, 4813.75]"
19213,single_AGN_datasets/confirmed_single_AGN_fall/QSO_001847_57_000038_6.fits,single_agn,"(14441.25, 19255.0]"
961,dual_AGN_datasets/train_data/5_with_AGN_622.fits,dual_agn,"(-19.255, 4813.75]"
3538,dual_AGN_datasets/train_data/14_with_AGN_228.fits,dual_agn,"(-19.255, 4813.75]"
17481,single_AGN_datasets/confirmed_single_AGN/QSO_013146.80+004729.0.fits,single_agn,"(14441.25, 19255.0]"
4810,dual_AGN_datasets/HSC_I/simulated_double_AGN_images_spring/1.7_asec_separations/QSO_145334_07_425647_4_rotated_30_degrees_1.0_QSO_105744_32_003706_9_.fits,dual_agn,"(-19.255, 4813.75]"
7050,merger_datasets/train_data/4953-cutout-HSC-G-9372-pdr3_wide.fits,merger,"(4813.75, 9627.5]"
5772,merger_datasets/train_data/1196-cutout-HSC-G-9799-pdr3_wide.fits,merger,"(4813.75, 9627.5]"
13459,offset_AGN_datasets/train_data/20_with_AGN_437.fits,offset_agn,"(9627.5, 14441.25]"
15176,single_AGN_datasets/confirmed_single_AGN_fall/QSO_012220_15_021706_8.fits,single_agn,"(14441.25, 19255.0]"
19210,single_AGN_datasets/confirmed_single_AGN_spring/QSO_105022_01_022309_6.fits,single_agn,"(14441.25, 19255.0]"
14975,single_AGN_datasets/confirmed_single_AGN_fall/QSO_010628_88_000918_4.fits,single_agn,"(14441.25, 19255.0]"
12131,offset_AGN_datasets/train_data/16_with_AGN_1397.fits,offset_agn,"(9627.5, 14441.25]"
15757,single_AGN_datasets/confirmed_single_AGN_fall/QSO_002349_67_005347_3.fits,single_agn,"(14441.25, 19255.0]"
743,dual_AGN_datasets/train_data/9_with_AGN_680.fits,dual_agn,"(-19.255, 4813.75]"
8911,merger_datasets/train_data/5318-cutout-HSC-G-9616-pdr3_wide.fits,merger,"(4813.75, 9627.5]"
9998,offset_AGN_datasets/train_data/7_with_AGN_1189.fits,offset_agn,"(9627.5, 14441.25]"
3513,dual_AGN_datasets/HSC_I/simulated_double_AGN_images_spring/1.1_asec_separations/QSO_145334_07_425647_4_rotated_30_degrees_1.0_QSO_105106_11_004828_1_.fits,dual_agn,"(-19.255, 4813.75]"
1644,dual_AGN_datasets/train_data/7_with_AGN_1294.fits,dual_agn,"(-19.255, 4813.75]"
7817,merger_datasets/train_data/1080-cutout-HSC-G-9557-pdr3_wide.fits,merger,"(4813.75, 9627.5]"
11381,offset_AGN_datasets/train_data/16_with_AGN_1113.fits,offset_agn,"(9627.5, 14441.25]"
5072,merger_datasets/train_data/627-cutout-HSC-G-9559-pdr3_wide.fits,merger,"(4813.75, 9627.5]"
11606,offset_AGN_datasets/train_data/7_with_AGN_1205.fits,offset_agn,"(9627.5, 14441.25]"
15557,single_AGN_datasets/confirmed_single_AGN/QSO_000023.29+014501.8.fits,single_agn,"(14441.25, 19255.0]"
9695,offset_AGN_datasets/train_data/8_with_AGN_328.fits,offset_agn,"(9627.5, 14441.25]"
8183,merger_datasets/train_data/2261-cutout-HSC-G-9563-pdr3_wide.fits,merger,"(4813.75, 9627.5]"
16558,single_AGN_datasets/confirmed_single_AGN/QSO_114526.46-000032.3.fits,single_agn,"(14441.25, 19255.0]"
18760,single_AGN_datasets/confirmed_single_AGN_spring/QSO_124103_12_000440_5.fits,single_agn,"(14441.25, 19255.0]"
5185,merger_datasets/train_data/4673-cutout-HSC-G-9370-pdr3_wide.fits,merger,"(4813.75, 9627.5]"
6337,merger_datasets/train_data/4493-cutout-HSC-G-9614-pdr3_wide.fits,merger,"(4813.75, 9627.5]"
14751,single_AGN_datasets/confirmed_single_AGN/UNK_093226.55-005512.2.fits,single_agn,"(14441.25, 19255.0]"
14485,single_AGN_datasets/confirmed_single_AGN/QSO_000754.22-000936.3.fits,single_agn,"(14441.25, 19255.0]"
13008,offset_AGN_datasets/train_data/15_with_AGN_162.fits,offset_agn,"(9627.5, 14441.25]"
696,dual_AGN_datasets/train_data/4_with_AGN_1123.fits,dual_agn,"(-19.255, 4813.75]"
15823,single_AGN_datasets/confirmed_single_AGN_spring/QSO_112728_38_003348_1.fits,single_agn,"(14441.25, 19255.0]"
4097,dual_AGN_datasets/Rotated_AGN_diff_fltrs/HSC_G/downloaded_images/0.95_arcsecond_separations/downloaded_images/QSO_000035.59-003146.1_HSC_HSC-G_rotated_190_degrees.fits,dual_agn,"(-19.255, 4813.75]"
14114,offset_AGN_datasets/train_data/9_with_AGN_294.fits,offset_agn,"(9627.5, 14441.25]"
17598,single_AGN_datasets/confirmed_single_AGN_fall/QSO_002305_40_005654_0.fits,single_agn,"(14441.25, 19255.0]"
18363,single_AGN_datasets/confirmed_single_AGN/QSO_094851.92-000124.7.fits,single_agn,"(14441.25, 19255.0]"
1804,dual_AGN_datasets/HSC_I/simulated_double_AGN_images_spring/1.7_asec_separations/QSO_145334_07_425647_4_rotated_0_degrees_1.0_QSO_142332_24_002711_4_.fits,dual_agn,"(-19.255, 4813.75]"
16645,single_AGN_datasets/confirmed_single_AGN_spring/QSO_111601_63_001809_0.fits,single_agn,"(14441.25, 19255.0]"
12695,offset_AGN_datasets/train_data/16_with_AGN_104.fits,offset_agn,"(9627.5, 14441.25]"
16927,single_AGN_datasets/confirmed_single_AGN/QSO_015414.61+013104.7.fits,single_agn,"(14441.25, 19255.0]"
17755,single_AGN_datasets/confirmed_single_AGN_spring/QSO_113037_25_003034_0.fits,single_agn,"(14441.25, 19255.0]"
10972,offset_AGN_datasets/train_data/2_with_AGN_1055.fits,offset_agn,"(9627.5, 14441.25]"
6462,merger_datasets/train_data/1712-cutout-HSC-G-9801-pdr3_wide.fits,merger,"(4813.75, 9627.5]"
11845,offset_AGN_datasets/train_data/16_with_AGN_1062.fits,offset_agn,"(9627.5, 14441.25]"
18392,single_AGN_datasets/confirmed_single_AGN/QSO_140606.63-000830.9.fits,single_agn,"(14441.25, 19255.0]"
3298,dual_AGN_datasets/train_data/2_with_AGN_1153.fits,dual_agn,"(-19.255, 4813.75]"
1032,dual_AGN_datasets/HSC_I/simulated_double_AGN_images_spring/1.1_asec_separations/QSO_145334_07_425647_4_rotated_200_degrees_1.0_QSO_120126_54_010912_8_.fits,dual_agn,"(-19.255, 4813.75]"
9858,offset_AGN_datasets/train_data/3_with_AGN_1022.fits,offset_agn,"(9627.5, 14441.25]"
17581,single_AGN_datasets/confirmed_single_AGN/QSO_103709.29+000516.7.fits,single_agn,"(14441.25, 19255.0]"
589,dual_AGN_datasets/HSC_I/simulated_double_AGN_images_spring/1.2_asec_separations/QSO_145334_07_425647_4_rotated_340_degrees_1.0_QSO_112439_79_002557_9_.fits,dual_agn,"(-19.255, 4813.75]"
7209,merger_datasets/train_data/7242-cutout-HSC-G-9372-pdr3_wide.fits,merger,"(4813.75, 9627.5]"
11579,offset_AGN_datasets/train_data/20_with_AGN_633.fits,offset_agn,"(9627.5, 14441.25]"
9208,merger_datasets/train_data/4486-cutout-HSC-G-9613-pdr3_wide.fits,merger,"(4813.75, 9627.5]"
7081,merger_datasets/train_data/2403-cutout-HSC-G-9317-pdr3_wide.fits,merger,"(4813.75, 9627.5]"
16213,single_AGN_datasets/confirmed_single_AGN_fall/QSO_010450_03_005953_0.fits,single_agn,"(14441.25, 19255.0]"
2143,dual_AGN_datasets/HSC_I/simulated_double_AGN_images_spring/2.0_asec_separations/QSO_145334_07_425647_4_rotated_180_degrees_1.0_QSO_133049_45_020101_4_.fits,dual_agn,"(-19.255, 4813.75]"
3943,dual_AGN_datasets/train_data/2_with_AGN_529.fits,dual_agn,"(-19.255, 4813.75]"
15931,single_AGN_datasets/confirmed_single_AGN_spring/QSO_093514_61_000247_2.fits,single_agn,"(14441.25, 19255.0]"
8181,merger_datasets/train_data/2003-cutout-HSC-G-9320-pdr3_wide.fits,merger,"(4813.75, 9627.5]"
14127,offset_AGN_datasets/train_data/2_with_AGN_1086.fits,offset_agn,"(9627.5, 14441.25]"
3353,dual_AGN_datasets/HSC_I/simulated_double_AGN_images_spring/1.2_asec_separations/QSO_145334_07_425647_4_rotated_10_degrees_1.0_QSO_105807_94_000914_8_.fits,dual_agn,"(-19.255, 4813.75]"
11143,offset_AGN_datasets/train_data/19_with_AGN_1011.fits,offset_agn,"(9627.5, 14441.25]"
7579,merger_datasets/train_data/5400-cutout-HSC-G-9612-pdr3_wide.fits,merger,"(4813.75, 9627.5]"
11694,offset_AGN_datasets/train_data/13_with_AGN_350.fits,offset_agn,"(9627.5, 14441.25]"
5480,merger_datasets/train_data/2017-cutout-HSC-G-9320-pdr3_wide.fits,merger,"(4813.75, 9627.5]"
7801,merger_datasets/train_data/2722-cutout-HSC-G-9594-pdr3_wide.fits,merger,"(4813.75, 9627.5]"
1295,dual_AGN_datasets/HSC_I/simulated_double_AGN_images_spring/1.1_asec_separations/QSO_145334_07_425647_4_rotated_80_degrees_1.0_QSO_112256_13_001655_6_.fits,dual_agn,"(-19.255, 4813.75]"
8681,merger_datasets/train_data/2301-cutout-HSC-G-9559-pdr3_wide.fits,merger,"(4813.75, 9627.5]"
7086,merger_datasets/train_data/3868-cutout-HSC-G-9830-pdr3_wide.fits,merger,"(4813.75, 9627.5]"
17186,single_AGN_datasets/confirmed_single_AGN/QSO_112022.23+001924.2.fits,single_agn,"(14441.25, 19255.0]"
17969,single_AGN_datasets/confirmed_single_AGN/QSO_132042.27-013354.4.fits,single_agn,"(14441.25, 19255.0]"
11254,offset_AGN_datasets/train_data/0_with_AGN_738.fits,offset_agn,"(9627.5, 14441.25]"
11680,offset_AGN_datasets/train_data/10_with_AGN_1018.fits,offset_agn,"(9627.5, 14441.25]"
6963,merger_datasets/train_data/4356-cutout-HSC-G-9588-pdr3_wide.fits,merger,"(4813.75, 9627.5]"
7110,merger_datasets/train_data/4700-cutout-HSC-G-9372-pdr3_wide.fits,merger,"(4813.75, 9627.5]"
146,dual_AGN_datasets/HSC_I/simulated_double_AGN_images_spring/1.1_asec_separations/QSO_145334_07_425647_4_rotated_150_degrees_1.0_QSO_135111_38_002144_0_.fits,dual_agn,"(-19.255, 4813.75]"
9532,merger_datasets/train_data/778-cutout-HSC-G-9805-pdr3_wide.fits,merger,"(4813.75, 9627.5]"
18791,single_AGN_datasets/confirmed_single_AGN_spring/QSO_095242_03_011200_3.fits,single_agn,"(14441.25, 19255.0]"
12230,offset_AGN_datasets/train_data/1_with_AGN_1357.fits,offset_agn,"(9627.5, 14441.25]"
5370,merger_datasets/train_data/3922-cutout-HSC-G-9346-pdr3_wide.fits,merger,"(4813.75, 9627.5]"
11971,offset_AGN_datasets/train_data/19_with_AGN_748.fits,offset_agn,"(9627.5, 14441.25]"
15870,single_AGN_datasets/confirmed_single_AGN_spring/QSO_144133_20_005704_1.fits,single_agn,"(14441.25, 19255.0]"
17164,single_AGN_datasets/confirmed_single_AGN/QSO_091325.17-001008.8.fits,single_agn,"(14441.25, 19255.0]"
15907,single_AGN_datasets/confirmed_single_AGN_spring/QSO_123501_87_004707_9.fits,single_agn,"(14441.25, 19255.0]"
18142,single_AGN_datasets/confirmed_single_AGN_spring/QSO_141339_83_000004_6.fits,single_agn,"(14441.25, 19255.0]"
6324,merger_datasets/train_data/1812-cutout-HSC-G-9799-pdr3_wide.fits,merger,"(4813.75, 9627.5]"
17677,single_AGN_datasets/confirmed_single_AGN_spring/QSO_104932_27_001139_6.fits,single_agn,"(14441.25, 19255.0]"
13769,offset_AGN_datasets/train_data/0_with_AGN_1126.fits,offset_agn,"(9627.5, 14441.25]"
15592,single_AGN_datasets/confirmed_single_AGN_spring/QSO_090557_92_005622_1.fits,single_agn,"(14441.25, 19255.0]"
17638,single_AGN_datasets/confirmed_single_AGN/UNK_134748.20-020807.2.fits,single_agn,"(14441.25, 19255.0]"
498,dual_AGN_datasets/HSC_I/simulated_double_AGN_images_spring/1.1_asec_separations/QSO_145334_07_425647_4_rotated_30_degrees_1.0_QSO_144559_26_005040_2_.fits,dual_agn,"(-19.255, 4813.75]"
15534,single_AGN_datasets/confirmed_single_AGN/QSO_103003.54-012736.1.fits,single_agn,"(14441.25, 19255.0]"
7224,merger_datasets/train_data/4860-cutout-HSC-G-9370-pdr3_wide.fits,merger,"(4813.75, 9627.5]"
2655,dual_AGN_datasets/train_data/18_with_AGN_1350.fits,dual_agn,"(-19.255, 4813.75]"
9921,offset_AGN_datasets/train_data/19_with_AGN_711.fits,offset_agn,"(9627.5, 14441.25]"
11651,offset_AGN_datasets/train_data/14_with_AGN_323.fits,offset_agn,"(9627.5, 14441.25]"
477,dual_AGN_datasets/HSC_I/simulated_double_AGN_images_spring/2.0_asec_separations/QSO_145334_07_425647_4_rotated_70_degrees_1.0_QSO_130949_15_004840_0_.fits,dual_agn,"(-19.255, 4813.75]"
18059,single_AGN_datasets/confirmed_single_AGN_spring/QSO_141107_35_014619_1.fits,single_agn,"(14441.25, 19255.0]"
1104,dual_AGN_datasets/HSC_I/simulated_double_AGN_images_spring/1.9_asec_separations/QSO_145334_07_425647_4_rotated_60_degrees_1.0_QSO_133059_10_005805_2_.fits,dual_agn,"(-19.255, 4813.75]"
16642,single_AGN_datasets/confirmed_single_AGN_spring/QSO_090717_96_003037_5.fits,single_agn,"(14441.25, 19255.0]"
982,dual_AGN_datasets/train_data/9_with_AGN_1103.fits,dual_agn,"(-19.255, 4813.75]"
18838,single_AGN_datasets/confirmed_single_AGN/QSO_091822.54-005350.3.fits,single_agn,"(14441.25, 19255.0]"
8191,merger_datasets/train_data/1983-cutout-HSC-G-9319-pdr3_wide.fits,merger,"(4813.75, 9627.5]"
18321,single_AGN_datasets/confirmed_single_AGN/QSO_010737.01-001911.5.fits,single_agn,"(14441.25, 19255.0]"
15029,single_AGN_datasets/confirmed_single_AGN/UNK_091454.35+003651.4.fits,single_agn,"(14441.25, 19255.0]"
14538,single_AGN_datasets/confirmed_single_AGN/QSO_090717.92-013853.8.fits,single_agn,"(14441.25, 19255.0]"
4714,dual_AGN_datasets/train_data/19_with_AGN_1160.fits,dual_agn,"(-19.255, 4813.75]"
15181,single_AGN_datasets/confirmed_single_AGN_fall/QSO_003002_70_002052_3.fits,single_agn,"(14441.25, 19255.0]"
9990,offset_AGN_datasets/train_data/2_with_AGN_65.fits,offset_agn,"(9627.5, 14441.25]"
9599,merger_datasets/train_data/6439-cutout-HSC-G-9855-pdr3_wide.fits,merger,"(4813.75, 9627.5]"
3969,dual_AGN_datasets/train_data/19_with_AGN_276.fits,dual_agn,"(-19.255, 4813.75]"
18225,single_AGN_datasets/confirmed_single_AGN/QSO_135724.39-011504.5.fits,single_agn,"(14441.25, 19255.0]"
16638,single_AGN_datasets/confirmed_single_AGN/UNK_002949.10+011248.6.fits,single_agn,"(14441.25, 19255.0]"
1455,dual_AGN_datasets/train_data/16_with_AGN_1234.fits,dual_agn,"(-19.255, 4813.75]"
16691,single_AGN_datasets/confirmed_single_AGN_spring/QSO_104418_78_001406_3.fits,single_agn,"(14441.25, 19255.0]"
18243,single_AGN_datasets/confirmed_single_AGN/QSO_120018.96-014432.2.fits,single_agn,"(14441.25, 19255.0]"
2379,dual_AGN_datasets/HSC_I/simulated_double_AGN_images_spring/0.7_asec_separations/QSO_145334_07_425647_4_rotated_200_degrees_1.0_QSO_122149_96_003616_9_.fits,dual_agn,"(-19.255, 4813.75]"
1784,dual_AGN_datasets/train_data/2_with_AGN_8.fits,dual_agn,"(-19.255, 4813.75]"
9410,merger_datasets/train_data/1667-cutout-HSC-G-9799-pdr3_wide.fits,merger,"(4813.75, 9627.5]"
17144,single_AGN_datasets/confirmed_single_AGN_fall/QSO_002014_60_013813_6.fits,single_agn,"(14441.25, 19255.0]"
4477,dual_AGN_datasets/HSC_I/simulated_double_AGN_images_spring/1.9_asec_separations/QSO_145334_07_425647_4_rotated_20_degrees_1.0_QSO_120802_32_002450_7_.fits,dual_agn,"(-19.255, 4813.75]"
3316,dual_AGN_datasets/train_data/17_with_AGN_652.fits,dual_agn,"(-19.255, 4813.75]"
4342,dual_AGN_datasets/train_data/19_with_AGN_535.fits,dual_agn,"(-19.255, 4813.75]"
6443,merger_datasets/train_data/6659-cutout-HSC-G-9860-pdr3_wide.fits,merger,"(4813.75, 9627.5]"
8400,merger_datasets/train_data/2657-cutout-HSC-G-9590-pdr3_wide.fits,merger,"(4813.75, 9627.5]"
1954,dual_AGN_datasets/HSC_I/simulated_double_AGN_images_spring/1.2_asec_separations/QSO_145334_07_425647_4_rotated_340_degrees_1.0_QSO_142338_11_001657_1_.fits,dual_agn,"(-19.255, 4813.75]"
7528,merger_datasets/train_data/4586-cutout-HSC-G-9617-pdr3_wide.fits,merger,"(4813.75, 9627.5]"
16253,single_AGN_datasets/confirmed_single_AGN/UNK_110644.32+003135.2.fits,single_agn,"(14441.25, 19255.0]"
16125,single_AGN_datasets/confirmed_single_AGN/QSO_095913.00-003144.5.fits,single_agn,"(14441.25, 19255.0]"
4204,dual_AGN_datasets/HSC_I/simulated_double_AGN_images_spring/1.7_asec_separations/QSO_145334_07_425647_4_rotated_90_degrees_1.0_QSO_102542_96_001051_1_.fits,dual_agn,"(-19.255, 4813.75]"
6383,merger_datasets/train_data/4943-cutout-HSC-G-9371-pdr3_wide.fits,merger,"(4813.75, 9627.5]"
5027,merger_datasets/train_data/7143-cutout-HSC-G-9374-pdr3_wide.fits,merger,"(4813.75, 9627.5]"
4110,dual_AGN_datasets/HSC_I/simulated_double_AGN_images_spring/0.6_asec_separations/QSO_145334_07_425647_4_rotated_320_degrees_1.0_QSO_102542_96_001051_1_.fits,dual_agn,"(-19.255, 4813.75]"
17768,single_AGN_datasets/confirmed_single_AGN_fall/QSO_000230_26_030937_6.fits,single_agn,"(14441.25, 19255.0]"
2725,dual_AGN_datasets/HSC_I/simulated_double_AGN_images_spring/2.0_asec_separations/QSO_145334_07_425647_4_rotated_50_degrees_1.0_QSO_084810_74_001449_4_.fits,dual_agn,"(-19.255, 4813.75]"
10485,offset_AGN_datasets/train_data/0_with_AGN_147.fits,offset_agn,"(9627.5, 14441.25]"
13324,offset_AGN_datasets/train_data/7_with_AGN_850.fits,offset_agn,"(9627.5, 14441.25]"
6136,merger_datasets/train_data/2662-cutout-HSC-G-9591-pdr3_wide.fits,merger,"(4813.75, 9627.5]"
14160,offset_AGN_datasets/train_data/4_with_AGN_939.fits,offset_agn,"(9627.5, 14441.25]"
11415,offset_AGN_datasets/train_data/2_with_AGN_358.fits,offset_agn,"(9627.5, 14441.25]"
1102,dual_AGN_datasets/HSC_I/simulated_double_AGN_images_spring/1.2_asec_separations/QSO_145334_07_425647_4_rotated_230_degrees_1.0_QSO_104321_72_004035_2_.fits,dual_agn,"(-19.255, 4813.75]"
4616,dual_AGN_datasets/train_data/0_with_AGN_192.fits,dual_agn,"(-19.255, 4813.75]"
10000,offset_AGN_datasets/train_data/3_with_AGN_592.fits,offset_agn,"(9627.5, 14441.25]"
9185,merger_datasets/train_data/3265-cutout-HSC-G-9591-pdr3_wide.fits,merger,"(4813.75, 9627.5]"
11336,offset_AGN_datasets/train_data/17_with_AGN_167.fits,offset_agn,"(9627.5, 14441.25]"
15584,single_AGN_datasets/confirmed_single_AGN/UNK_100529.98-004152.6.fits,single_agn,"(14441.25, 19255.0]"
13401,offset_AGN_datasets/train_data/20_with_AGN_531.fits,offset_agn,"(9627.5, 14441.25]"
12190,offset_AGN_datasets/train_data/13_with_AGN_144.fits,offset_agn,"(9627.5, 14441.25]"
13717,offset_AGN_datasets/train_data/10_with_AGN_279.fits,offset_agn,"(9627.5, 14441.25]"
15752,single_AGN_datasets/confirmed_single_AGN/UNK_145324.72-010242.1.fits,single_agn,"(14441.25, 19255.0]"
4010,dual_AGN_datasets/HSC_I/simulated_double_AGN_images_spring/1.7_asec_separations/QSO_145334_07_425647_4_rotated_140_degrees_1.0_QSO_142918_77_015538_2_.fits,dual_agn,"(-19.255, 4813.75]"
10178,offset_AGN_datasets/train_data/7_with_AGN_598.fits,offset_agn,"(9627.5, 14441.25]"
7115,merger_datasets/train_data/2654-cutout-HSC-G-9590-pdr3_wide.fits,merger,"(4813.75, 9627.5]"
8012,merger_datasets/train_data/3344-cutout-HSC-G-9590-pdr3_wide.fits,merger,"(4813.75, 9627.5]"
10536,offset_AGN_datasets/train_data/16_with_AGN_543.fits,offset_agn,"(9627.5, 14441.25]"
14002,offset_AGN_datasets/train_data/9_with_AGN_1272.fits,offset_agn,"(9627.5, 14441.25]"
17042,single_AGN_datasets/confirmed_single_AGN/QSO_112149.16+004604.5.fits,single_agn,"(14441.25, 19255.0]"
7589,merger_datasets/train_data/350-cutout-HSC-G-9563-pdr3_wide.fits,merger,"(4813.75, 9627.5]"
2452,dual_AGN_datasets/train_data/2_with_AGN_763.fits,dual_agn,"(-19.255, 4813.75]"
4455,dual_AGN_datasets/train_data/14_with_AGN_437.fits,dual_agn,"(-19.255, 4813.75]"
16390,single_AGN_datasets/confirmed_single_AGN_fall/QSO_002146_36_003900_0.fits,single_agn,"(14441.25, 19255.0]"
4361,dual_AGN_datasets/HSC_I/simulated_double_AGN_images_spring/1.8_asec_separations/QSO_145334_07_425647_4_rotated_280_degrees_1.0_QSO_142334_85_005849_2_.fits,dual_agn,"(-19.255, 4813.75]"
120,dual_AGN_datasets/train_data/8_with_AGN_940.fits,dual_agn,"(-19.255, 4813.75]"
4011,dual_AGN_datasets/HSC_I/simulated_double_AGN_images_spring/2.0_asec_separations/QSO_145334_07_425647_4_rotated_20_degrees_1.0_QSO_110727_10_001337_1_.fits,dual_agn,"(-19.255, 4813.75]"
13225,offset_AGN_datasets/train_data/8_with_AGN_452.fits,offset_agn,"(9627.5, 14441.25]"
29,dual_AGN_datasets/train_data/12_with_AGN_1397.fits,dual_agn,"(-19.255, 4813.75]"
4877,merger_datasets/train_data/1559-cutout-HSC-G-9806-pdr3_wide.fits,merger,"(4813.75, 9627.5]"
4152,dual_AGN_datasets/HSC_I/simulated_double_AGN_images_spring/1.1_asec_separations/QSO_145334_07_425647_4_rotated_140_degrees_1.0_QSO_105744_32_003706_9_.fits,dual_agn,"(-19.255, 4813.75]"
15734,single_AGN_datasets/confirmed_single_AGN_fall/QSO_010322_96_004050_4.fits,single_agn,"(14441.25, 19255.0]"
5052,merger_datasets/train_data/1973-cutout-HSC-G-9318-pdr3_wide.fits,merger,"(4813.75, 9627.5]"
10461,offset_AGN_datasets/train_data/0_with_AGN_655.fits,offset_agn,"(9627.5, 14441.25]"
1235,dual_AGN_datasets/HSC_I/simulated_double_AGN_images_spring/0.6_asec_separations/QSO_145334_07_425647_4_rotated_250_degrees_1.0_QSO_142918_77_015538_2_.fits,dual_agn,"(-19.255, 4813.75]"
10423,offset_AGN_datasets/train_data/8_with_AGN_639.fits,offset_agn,"(9627.5, 14441.25]"
15850,single_AGN_datasets/confirmed_single_AGN/QSO_014407.10+010754.1.fits,single_agn,"(14441.25, 19255.0]"
7533,merger_datasets/train_data/2816-cutout-HSC-G-9349-pdr3_wide.fits,merger,"(4813.75, 9627.5]"
9247,merger_datasets/train_data/1222-cutout-HSC-G-9801-pdr3_wide.fits,merger,"(4813.75, 9627.5]"
7620,merger_datasets/train_data/2477-cutout-HSC-G-9587-pdr3_wide.fits,merger,"(4813.75, 9627.5]"
13922,offset_AGN_datasets/train_data/9_with_AGN_1273.fits,offset_agn,"(9627.5, 14441.25]"
1561,dual_AGN_datasets/HSC_I/simulated_double_AGN_images_spring/1.2_asec_separations/QSO_145334_07_425647_4_rotated_0_degrees_1.0_QSO_105744_32_003706_9_.fits,dual_agn,"(-19.255, 4813.75]"
3192,dual_AGN_datasets/HSC_I/simulated_double_AGN_images_spring/1.2_asec_separations/QSO_145334_07_425647_4_rotated_220_degrees_1.0_QSO_115647_18_011208_6_.fits,dual_agn,"(-19.255, 4813.75]"
17432,single_AGN_datasets/confirmed_single_AGN_fall/QSO_010718_10_014246_8.fits,single_agn,"(14441.25, 19255.0]"
4310,dual_AGN_datasets/train_data/4_with_AGN_85.fits,dual_agn,"(-19.255, 4813.75]"
10994,offset_AGN_datasets/train_data/4_with_AGN_746.fits,offset_agn,"(9627.5, 14441.25]"
12252,offset_AGN_datasets/train_data/9_with_AGN_495.fits,offset_agn,"(9627.5, 14441.25]"
16997,single_AGN_datasets/confirmed_single_AGN/UNK_131042.18-020440.5.fits,single_agn,"(14441.25, 19255.0]"
10639,offset_AGN_datasets/train_data/12_with_AGN_312.fits,offset_agn,"(9627.5, 14441.25]"
2751,dual_AGN_datasets/HSC_I/simulated_double_AGN_images_spring/1.2_asec_separations/QSO_145334_07_425647_4_rotated_220_degrees_1.0_QSO_144559_26_005040_2_.fits,dual_agn,"(-19.255, 4813.75]"
4804,dual_AGN_datasets/train_data/13_with_AGN_797.fits,dual_agn,"(-19.255, 4813.75]"
3459,dual_AGN_datasets/HSC_I/simulated_double_AGN_images_spring/1.0_asec_separations/QSO_145334_07_425647_4_rotated_80_degrees_1.0_QSO_142338_11_001657_1_.fits,dual_agn,"(-19.255, 4813.75]"
11311,offset_AGN_datasets/train_data/9_with_AGN_690.fits,offset_agn,"(9627.5, 14441.25]"
14645,single_AGN_datasets/confirmed_single_AGN_spring/QSO_141011_55_014451_4.fits,single_agn,"(14441.25, 19255.0]"
6263,merger_datasets/train_data/7320-cutout-HSC-G-9376-pdr3_wide.fits,merger,"(4813.75, 9627.5]"
3076,dual_AGN_datasets/HSC_I/simulated_double_AGN_images_spring/0.5_asec_separations/QSO_145334_07_425647_4_rotated_280_degrees_1.0_QSO_140935_31_015934_6_.fits,dual_agn,"(-19.255, 4813.75]"
10402,offset_AGN_datasets/train_data/13_with_AGN_22.fits,offset_agn,"(9627.5, 14441.25]"
5077,merger_datasets/train_data/7159-cutout-HSC-G-9375-pdr3_wide.fits,merger,"(4813.75, 9627.5]"
12200,offset_AGN_datasets/train_data/15_with_AGN_968.fits,offset_agn,"(9627.5, 14441.25]"
7908,merger_datasets/train_data/4892-cutout-HSC-G-9370-pdr3_wide.fits,merger,"(4813.75, 9627.5]"
18092,single_AGN_datasets/confirmed_single_AGN/QSO_011741.79-002208.3.fits,single_agn,"(14441.25, 19255.0]"
8651,merger_datasets/train_data/4630-cutout-HSC-G-9619-pdr3_wide.fits,merger,"(4813.75, 9627.5]"
5820,merger_datasets/train_data/1408-cutout-HSC-G-9805-pdr3_wide.fits,merger,"(4813.75, 9627.5]"
5831,merger_datasets/train_data/4022-cutout-HSC-G-9345-pdr3_wide.fits,merger,"(4813.75, 9627.5]"
224,dual_AGN_datasets/HSC_I/simulated_double_AGN_images_spring/1.8_asec_separations/QSO_145334_07_425647_4_rotated_270_degrees_1.0_QSO_112256_13_001655_6_.fits,dual_agn,"(-19.255, 4813.75]"
4904,merger_datasets/train_data/1757-cutout-HSC-G-9803-pdr3_wide.fits,merger,"(4813.75, 9627.5]"
156,dual_AGN_datasets/train_data/10_with_AGN_294.fits,dual_agn,"(-19.255, 4813.75]"
7611,merger_datasets/train_data/197-cutout-HSC-G-9318-pdr3_wide.fits,merger,"(4813.75, 9627.5]"
10232,offset_AGN_datasets/train_data/16_with_AGN_425.fits,offset_agn,"(9627.5, 14441.25]"
4049,dual_AGN_datasets/HSC_I/simulated_double_AGN_images_spring/1.0_asec_separations/QSO_145334_07_425647_4_rotated_140_degrees_1.0_QSO_093447_68_011107_7_.fits,dual_agn,"(-19.255, 4813.75]"
9537,merger_datasets/train_data/5336-cutout-HSC-G-9617-pdr3_wide.fits,merger,"(4813.75, 9627.5]"
9197,merger_datasets/train_data/1568-cutout-HSC-G-9799-pdr3_wide.fits,merger,"(4813.75, 9627.5]"
13449,offset_AGN_datasets/train_data/16_with_AGN_155.fits,offset_agn,"(9627.5, 14441.25]"
997,dual_AGN_datasets/HSC_I/simulated_double_AGN_images_spring/1.1_asec_separations/QSO_145334_07_425647_4_rotated_50_degrees_1.0_QSO_105807_94_000914_8_.fits,dual_agn,"(-19.255, 4813.75]"
16525,single_AGN_datasets/confirmed_single_AGN/UNK_013453.20-001842.3.fits,single_agn,"(14441.25, 19255.0]"
16857,single_AGN_datasets/confirmed_single_AGN_spring/QSO_092030_83_005805_8.fits,single_agn,"(14441.25, 19255.0]"
8471,merger_datasets/train_data/1258-cutout-HSC-G-9803-pdr3_wide.fits,merger,"(4813.75, 9627.5]"
18160,single_AGN_datasets/confirmed_single_AGN/QSO_014336.87-004753.7.fits,single_agn,"(14441.25, 19255.0]"
15967,single_AGN_datasets/confirmed_single_AGN/QSO_000229.66+041500.8.fits,single_agn,"(14441.25, 19255.0]"
12132,offset_AGN_datasets/train_data/11_with_AGN_610.fits,offset_agn,"(9627.5, 14441.25]"
7328,merger_datasets/train_data/4295-cutout-HSC-G-9349-pdr3_wide.fits,merger,"(4813.75, 9627.5]"
14544,single_AGN_datasets/confirmed_single_AGN_spring/QSO_112913_23_020353_4.fits,single_agn,"(14441.25, 19255.0]"
8572,merger_datasets/train_data/5529-cutout-HSC-G-9619-pdr3_wide.fits,merger,"(4813.75, 9627.5]"
6926,merger_datasets/train_data/794-cutout-HSC-G-9806-pdr3_wide.fits,merger,"(4813.75, 9627.5]"
7253,merger_datasets/train_data/882-cutout-HSC-G-9804-pdr3_wide.fits,merger,"(4813.75, 9627.5]"
13907,offset_AGN_datasets/train_data/7_with_AGN_402.fits,offset_agn,"(9627.5, 14441.25]"
12087,offset_AGN_datasets/train_data/1_with_AGN_1068.fits,offset_agn,"(9627.5, 14441.25]"
1597,dual_AGN_datasets/HSC_I/simulated_double_AGN_images_spring/1.7_asec_separations/QSO_145334_07_425647_4_rotated_240_degrees_1.0_QSO_123143_09_002846_2_.fits,dual_agn,"(-19.255, 4813.75]"
10821,offset_AGN_datasets/train_data/15_with_AGN_1179.fits,offset_agn,"(9627.5, 14441.25]"
16093,single_AGN_datasets/confirmed_single_AGN_spring/QSO_105405_16_012927_5.fits,single_agn,"(14441.25, 19255.0]"
18162,single_AGN_datasets/confirmed_single_AGN/QSO_085420.64-005821.9.fits,single_agn,"(14441.25, 19255.0]"
15280,single_AGN_datasets/confirmed_single_AGN_fall/QSO_003304_79_004338_1.fits,single_agn,"(14441.25, 19255.0]"
10526,offset_AGN_datasets/train_data/1_with_AGN_578.fits,offset_agn,"(9627.5, 14441.25]"
1375,dual_AGN_datasets/train_data/11_with_AGN_1107.fits,dual_agn,"(-19.255, 4813.75]"
19234,single_AGN_datasets/confirmed_single_AGN/UNK_005801.16+011345.1.fits,single_agn,"(14441.25, 19255.0]"
10763,offset_AGN_datasets/train_data/3_with_AGN_198.fits,offset_agn,"(9627.5, 14441.25]"
4031,dual_AGN_datasets/HSC_I/simulated_double_AGN_images_spring/1.8_asec_separations/QSO_145334_07_425647_4_rotated_50_degrees_1.0_QSO_093447_68_011107_7_.fits,dual_agn,"(-19.255, 4813.75]"
3185,dual_AGN_datasets/HSC_I/simulated_double_AGN_images_spring/1.3_asec_separations/QSO_145334_07_425647_4_rotated_350_degrees_1.0_QSO_104006_73_015212_8_.fits,dual_agn,"(-19.255, 4813.75]"
1623,dual_AGN_datasets/train_data/1_with_AGN_57.fits,dual_agn,"(-19.255, 4813.75]"
3393,dual_AGN_datasets/train_data/4_with_AGN_1247.fits,dual_agn,"(-19.255, 4813.75]"
3483,dual_AGN_datasets/train_data/17_with_AGN_127.fits,dual_agn,"(-19.255, 4813.75]"
18969,single_AGN_datasets/confirmed_single_AGN_spring/QSO_102435_70_003240_7.fits,single_agn,"(14441.25, 19255.0]"
17559,single_AGN_datasets/confirmed_single_AGN/UNK_102736.40+004529.3.fits,single_agn,"(14441.25, 19255.0]"
5082,merger_datasets/train_data/5676-cutout-HSC-G-9855-pdr3_wide.fits,merger,"(4813.75, 9627.5]"
774,dual_AGN_datasets/train_data/4_with_AGN_44.fits,dual_agn,"(-19.255, 4813.75]"
8755,merger_datasets/train_data/6402-cutout-HSC-G-9618-pdr3_wide.fits,merger,"(4813.75, 9627.5]"
15758,single_AGN_datasets/confirmed_single_AGN_fall/QSO_002111_57_000138_6.fits,single_agn,"(14441.25, 19255.0]"
11057,offset_AGN_datasets/train_data/2_with_AGN_13.fits,offset_agn,"(9627.5, 14441.25]"
13502,offset_AGN_datasets/train_data/13_with_AGN_479.fits,offset_agn,"(9627.5, 14441.25]"
14304,offset_AGN_datasets/train_data/17_with_AGN_1314.fits,offset_agn,"(9627.5, 14441.25]"
8274,merger_datasets/train_data/1493-cutout-HSC-G-9803-pdr3_wide.fits,merger,"(4813.75, 9627.5]"
4612,dual_AGN_datasets/HSC_I/simulated_double_AGN_images_spring/1.8_asec_separations/QSO_145334_07_425647_4_rotated_180_degrees_1.0_QSO_115945_79_003647_0_.fits,dual_agn,"(-19.255, 4813.75]"
12227,offset_AGN_datasets/train_data/19_with_AGN_1328.fits,offset_agn,"(9627.5, 14441.25]"
7389,merger_datasets/train_data/5092-cutout-HSC-G-9377-pdr3_wide.fits,merger,"(4813.75, 9627.5]"
5744,merger_datasets/train_data/3263-cutout-HSC-G-9590-pdr3_wide.fits,merger,"(4813.75, 9627.5]"
1907,dual_AGN_datasets/HSC_I/simulated_double_AGN_images_spring/1.7_asec_separations/QSO_145334_07_425647_4_rotated_220_degrees_1.0_QSO_145038_50_000222_4_.fits,dual_agn,"(-19.255, 4813.75]"
12276,offset_AGN_datasets/train_data/17_with_AGN_341.fits,offset_agn,"(9627.5, 14441.25]"
2008,dual_AGN_datasets/HSC_I/simulated_double_AGN_images_spring/2.0_asec_separations/QSO_145334_07_425647_4_rotated_300_degrees_1.0_QSO_102542_96_001051_1_.fits,dual_agn,"(-19.255, 4813.75]"
1301,dual_AGN_datasets/HSC_I/simulated_double_AGN_images_spring/1.0_asec_separations/QSO_145334_07_425647_4_rotated_340_degrees_1.0_QSO_142332_24_002711_4_.fits,dual_agn,"(-19.255, 4813.75]"
10344,offset_AGN_datasets/train_data/13_with_AGN_227.fits,offset_agn,"(9627.5, 14441.25]"
374,dual_AGN_datasets/HSC_I/simulated_double_AGN_images_spring/1.4_asec_separations/QSO_145334_07_425647_4_rotated_340_degrees_1.0_QSO_115945_79_003647_0_.fits,dual_agn,"(-19.255, 4813.75]"
2574,dual_AGN_datasets/HSC_I/simulated_double_AGN_images_spring/1.7_asec_separations/QSO_145334_07_425647_4_rotated_20_degrees_1.0_QSO_101627_95_003008_6_.fits,dual_agn,"(-19.255, 4813.75]"
14041,offset_AGN_datasets/train_data/17_with_AGN_59.fits,offset_agn,"(9627.5, 14441.25]"
12937,offset_AGN_datasets/train_data/16_with_AGN_1376.fits,offset_agn,"(9627.5, 14441.25]"
1155,dual_AGN_datasets/train_data/2_with_AGN_1056.fits,dual_agn,"(-19.255, 4813.75]"
1447,dual_AGN_datasets/train_data/18_with_AGN_1371.fits,dual_agn,"(-19.255, 4813.75]"
555,dual_AGN_datasets/HSC_I/simulated_double_AGN_images_spring/0.6_asec_separations/QSO_145334_07_425647_4_rotated_80_degrees_1.0_QSO_122814_50_005728_9_.fits,dual_agn,"(-19.255, 4813.75]"
9777,offset_AGN_datasets/train_data/9_with_AGN_1391.fits,offset_agn,"(9627.5, 14441.25]"
2884,dual_AGN_datasets/HSC_I/simulated_double_AGN_images_spring/1.8_asec_separations/QSO_145334_07_425647_4_rotated_310_degrees_1.0_QSO_101134_17_015541_1_.fits,dual_agn,"(-19.255, 4813.75]"
16353,single_AGN_datasets/confirmed_single_AGN_spring/QSO_125241_72_015814_7.fits,single_agn,"(14441.25, 19255.0]"
6699,merger_datasets/train_data/4461-cutout-HSC-G-9612-pdr3_wide.fits,merger,"(4813.75, 9627.5]"
9595,merger_datasets/train_data/730-cutout-HSC-G-9802-pdr3_wide.fits,merger,"(4813.75, 9627.5]"
16269,single_AGN_datasets/confirmed_single_AGN_fall/QSO_012536_05_001534_4.fits,single_agn,"(14441.25, 19255.0]"
5673,merger_datasets/train_data/4981-cutout-HSC-G-9372-pdr3_wide.fits,merger,"(4813.75, 9627.5]"
11848,offset_AGN_datasets/train_data/13_with_AGN_623.fits,offset_agn,"(9627.5, 14441.25]"
4430,dual_AGN_datasets/train_data/0_with_AGN_159.fits,dual_agn,"(-19.255, 4813.75]"
11310,offset_AGN_datasets/train_data/16_with_AGN_148.fits,offset_agn,"(9627.5, 14441.25]"
16967,single_AGN_datasets/confirmed_single_AGN/QSO_090504.49-020245.0.fits,single_agn,"(14441.25, 19255.0]"
17972,single_AGN_datasets/confirmed_single_AGN_fall/QSO_000610_87_010141_4.fits,single_agn,"(14441.25, 19255.0]"
7051,merger_datasets/train_data/2544-cutout-HSC-G-9592-pdr3_wide.fits,merger,"(4813.75, 9627.5]"
10710,offset_AGN_datasets/train_data/20_with_AGN_20.fits,offset_agn,"(9627.5, 14441.25]"
5248,merger_datasets/train_data/5664-cutout-HSC-G-9855-pdr3_wide.fits,merger,"(4813.75, 9627.5]"
2461,dual_AGN_datasets/train_data/16_with_AGN_441.fits,dual_agn,"(-19.255, 4813.75]"
4480,dual_AGN_datasets/HSC_I/simulated_double_AGN_images_spring/1.0_asec_separations/QSO_145334_07_425647_4_rotated_20_degrees_1.0_QSO_114828_41_014259_6_.fits,dual_agn,"(-19.255, 4813.75]"
2488,dual_AGN_datasets/HSC_I/simulated_double_AGN_images_spring/1.3_asec_separations/QSO_145334_07_425647_4_rotated_240_degrees_1.0_QSO_113939_55_001706_4_.fits,dual_agn,"(-19.255, 4813.75]"
7922,merger_datasets/train_data/5209-cutout-HSC-G-9618-pdr3_wide.fits,merger,"(4813.75, 9627.5]"
17923,single_AGN_datasets/confirmed_single_AGN/QSO_004318.43-005359.8.fits,single_agn,"(14441.25, 19255.0]"
14666,single_AGN_datasets/confirmed_single_AGN_spring/QSO_092519_21_000154_5.fits,single_agn,"(14441.25, 19255.0]"
16968,single_AGN_datasets/confirmed_single_AGN_fall/QSO_010759_36_014016_5.fits,single_agn,"(14441.25, 19255.0]"
12464,offset_AGN_datasets/train_data/19_with_AGN_6.fits,offset_agn,"(9627.5, 14441.25]"
16230,single_AGN_datasets/confirmed_single_AGN_spring/QSO_084929_69_005218_4.fits,single_agn,"(14441.25, 19255.0]"
8055,merger_datasets/train_data/5997-cutout-HSC-G-9860-pdr3_wide.fits,merger,"(4813.75, 9627.5]"
880,dual_AGN_datasets/train_data/19_with_AGN_148.fits,dual_agn,"(-19.255, 4813.75]"
1384,dual_AGN_datasets/HSC_I/simulated_double_AGN_images_spring/1.4_asec_separations/QSO_145334_07_425647_4_rotated_310_degrees_1.0_QSO_112256_13_001655_6_.fits,dual_agn,"(-19.255, 4813.75]"
10591,offset_AGN_datasets/train_data/5_with_AGN_1131.fits,offset_agn,"(9627.5, 14441.25]"
2723,dual_AGN_datasets/HSC_I/simulated_double_AGN_images_spring/0.8_asec_separations/QSO_145334_07_425647_4_rotated_100_degrees_1.0_QSO_115945_79_003647_0_.fits,dual_agn,"(-19.255, 4813.75]"
11729,offset_AGN_datasets/train_data/10_with_AGN_119.fits,offset_agn,"(9627.5, 14441.25]"
10112,offset_AGN_datasets/train_data/6_with_AGN_715.fits,offset_agn,"(9627.5, 14441.25]"
9765,offset_AGN_datasets/train_data/9_with_AGN_84.fits,offset_agn,"(9627.5, 14441.25]"
6226,merger_datasets/train_data/2647-cutout-HSC-G-9590-pdr3_wide.fits,merger,"(4813.75, 9627.5]"
2719,dual_AGN_datasets/train_data/8_with_AGN_457.fits,dual_agn,"(-19.255, 4813.75]"
5914,merger_datasets/train_data/2731-cutout-HSC-G-9594-pdr3_wide.fits,merger,"(4813.75, 9627.5]"
11066,offset_AGN_datasets/train_data/16_with_AGN_293.fits,offset_agn,"(9627.5, 14441.25]"
13826,offset_AGN_datasets/train_data/19_with_AGN_1088.fits,offset_agn,"(9627.5, 14441.25]"
4662,dual_AGN_datasets/HSC_I/simulated_double_AGN_images_spring/1.7_asec_separations/QSO_145334_07_425647_4_rotated_190_degrees_1.0_QSO_133049_45_020101_4_.fits,dual_agn,"(-19.255, 4813.75]"
10309,offset_AGN_datasets/train_data/5_with_AGN_1301.fits,offset_agn,"(9627.5, 14441.25]"
14771,single_AGN_datasets/confirmed_single_AGN/UNK_114733.67+000811.6.fits,single_agn,"(14441.25, 19255.0]"
18477,single_AGN_datasets/confirmed_single_AGN_fall/QSO_000456_73_020531_6.fits,single_agn,"(14441.25, 19255.0]"
5325,merger_datasets/train_data/7198-cutout-HSC-G-9370-pdr3_wide.fits,merger,"(4813.75, 9627.5]"
13815,offset_AGN_datasets/train_data/14_with_AGN_813.fits,offset_agn,"(9627.5, 14441.25]"
10635,offset_AGN_datasets/train_data/16_with_AGN_200.fits,offset_agn,"(9627.5, 14441.25]"
15944,single_AGN_datasets/confirmed_single_AGN/QSO_010349.05-001633.5.fits,single_agn,"(14441.25, 19255.0]"
162,dual_AGN_datasets/train_data/13_with_AGN_1279.fits,dual_agn,"(-19.255, 4813.75]"
17691,single_AGN_datasets/confirmed_single_AGN_spring/QSO_123449_52_002806_1.fits,single_agn,"(14441.25, 19255.0]"
7981,merger_datasets/train_data/6538-cutout-HSC-G-9859-pdr3_wide.fits,merger,"(4813.75, 9627.5]"
3254,dual_AGN_datasets/train_data/8_with_AGN_713.fits,dual_agn,"(-19.255, 4813.75]"
11719,offset_AGN_datasets/train_data/0_with_AGN_9.fits,offset_agn,"(9627.5, 14441.25]"
14860,single_AGN_datasets/confirmed_single_AGN/QSO_005106.42+025258.0.fits,single_agn,"(14441.25, 19255.0]"
6237,merger_datasets/train_data/6339-cutout-HSC-G-9614-pdr3_wide.fits,merger,"(4813.75, 9627.5]"
850,dual_AGN_datasets/train_data/13_with_AGN_338.fits,dual_agn,"(-19.255, 4813.75]"
11075,offset_AGN_datasets/train_data/8_with_AGN_108.fits,offset_agn,"(9627.5, 14441.25]"
10509,offset_AGN_datasets/train_data/10_with_AGN_658.fits,offset_agn,"(9627.5, 14441.25]"
17769,single_AGN_datasets/confirmed_single_AGN_fall/QSO_012945_67_005939_1.fits,single_agn,"(14441.25, 19255.0]"
5230,merger_datasets/train_data/2864-cutout-HSC-G-9344-pdr3_wide.fits,merger,"(4813.75, 9627.5]"
5489,merger_datasets/train_data/6329-cutout-HSC-G-9614-pdr3_wide.fits,merger,"(4813.75, 9627.5]"
16665,single_AGN_datasets/confirmed_single_AGN/QSO_140605.18-003449.1.fits,single_agn,"(14441.25, 19255.0]"
18026,single_AGN_datasets/confirmed_single_AGN_fall/QSO_012738_87_003024_7.fits,single_agn,"(14441.25, 19255.0]"
13068,offset_AGN_datasets/train_data/2_with_AGN_245.fits,offset_agn,"(9627.5, 14441.25]"
12624,offset_AGN_datasets/train_data/17_with_AGN_664.fits,offset_agn,"(9627.5, 14441.25]"
12928,offset_AGN_datasets/train_data/6_with_AGN_650.fits,offset_agn,"(9627.5, 14441.25]"
10367,offset_AGN_datasets/train_data/3_with_AGN_222.fits,offset_agn,"(9627.5, 14441.25]"
17219,single_AGN_datasets/confirmed_single_AGN/QSO_010007.30+042324.1.fits,single_agn,"(14441.25, 19255.0]"
8655,merger_datasets/train_data/5885-cutout-HSC-G-9856-pdr3_wide.fits,merger,"(4813.75, 9627.5]"
13573,offset_AGN_datasets/train_data/8_with_AGN_771.fits,offset_agn,"(9627.5, 14441.25]"
2575,dual_AGN_datasets/HSC_I/simulated_double_AGN_images_spring/1.4_asec_separations/QSO_145334_07_425647_4_rotated_200_degrees_1.0_QSO_133420_54_010744_6_.fits,dual_agn,"(-19.255, 4813.75]"
5141,merger_datasets/train_data/5886-cutout-HSC-G-9856-pdr3_wide.fits,merger,"(4813.75, 9627.5]"
18743,single_AGN_datasets/confirmed_single_AGN/QSO_125036.70-005531.7.fits,single_agn,"(14441.25, 19255.0]"
668,dual_AGN_datasets/HSC_I/simulated_double_AGN_images_spring/1.7_asec_separations/QSO_145334_07_425647_4_rotated_10_degrees_1.0_QSO_122149_96_003616_9_.fits,dual_agn,"(-19.255, 4813.75]"
17672,single_AGN_datasets/confirmed_single_AGN/UNK_133135.20-014430.2.fits,single_agn,"(14441.25, 19255.0]"
17094,single_AGN_datasets/confirmed_single_AGN_fall/QSO_001233_78_003210_4.fits,single_agn,"(14441.25, 19255.0]"
4566,dual_AGN_datasets/HSC_I/simulated_double_AGN_images_spring/0.8_asec_separations/QSO_145334_07_425647_4_rotated_130_degrees_1.0_QSO_123143_09_002846_2_.fits,dual_agn,"(-19.255, 4813.75]"
14291,offset_AGN_datasets/train_data/8_with_AGN_187.fits,offset_agn,"(9627.5, 14441.25]"
17973,single_AGN_datasets/confirmed_single_AGN_spring/QSO_110314_89_012039_3.fits,single_agn,"(14441.25, 19255.0]"
15532,single_AGN_datasets/confirmed_single_AGN_spring/QSO_113128_48_015617_0.fits,single_agn,"(14441.25, 19255.0]"
9514,merger_datasets/train_data/4380-cutout-HSC-G-9590-pdr3_wide.fits,merger,"(4813.75, 9627.5]"
1280,dual_AGN_datasets/HSC_I/simulated_double_AGN_images_spring/0.7_asec_separations/QSO_145334_07_425647_4_rotated_120_degrees_1.0_QSO_103133_88_002855_9_.fits,dual_agn,"(-19.255, 4813.75]"
16010,single_AGN_datasets/confirmed_single_AGN_fall/QSO_001854_19_014358_5.fits,single_agn,"(14441.25, 19255.0]"
5761,merger_datasets/train_data/4298-cutout-HSC-G-9349-pdr3_wide.fits,merger,"(4813.75, 9627.5]"
9589,merger_datasets/train_data/5286-cutout-HSC-G-9614-pdr3_wide.fits,merger,"(4813.75, 9627.5]"
7371,merger_datasets/train_data/7424-cutout-HSC-G-9616-pdr3_wide.fits,merger,"(4813.75, 9627.5]"
7374,merger_datasets/train_data/4959-cutout-HSC-G-9372-pdr3_wide.fits,merger,"(4813.75, 9627.5]"
16986,single_AGN_datasets/confirmed_single_AGN/QSO_122718.77-011940.9.fits,single_agn,"(14441.25, 19255.0]"
3431,dual_AGN_datasets/HSC_I/simulated_double_AGN_images_spring/1.3_asec_separations/QSO_145334_07_425647_4_rotated_20_degrees_1.0_QSO_104601_29_013002_1_.fits,dual_agn,"(-19.255, 4813.75]"
2672,dual_AGN_datasets/HSC_I/simulated_double_AGN_images_spring/1.4_asec_separations/QSO_145334_07_425647_4_rotated_300_degrees_1.0_QSO_111455_39_020127_0_.fits,dual_agn,"(-19.255, 4813.75]"
5228,merger_datasets/train_data/5647-cutout-HSC-G-9619-pdr3_wide.fits,merger,"(4813.75, 9627.5]"
18720,single_AGN_datasets/confirmed_single_AGN/QSO_115006.89+000322.8.fits,single_agn,"(14441.25, 19255.0]"
11658,offset_AGN_datasets/train_data/1_with_AGN_1269.fits,offset_agn,"(9627.5, 14441.25]"
5661,merger_datasets/train_data/5044-cutout-HSC-G-9375-pdr3_wide.fits,merger,"(4813.75, 9627.5]"
7657,merger_datasets/train_data/7374-cutout-HSC-G-9613-pdr3_wide.fits,merger,"(4813.75, 9627.5]"
6084,merger_datasets/train_data/1954-cutout-HSC-G-9316-pdr3_wide.fits,merger,"(4813.75, 9627.5]"
6041,merger_datasets/train_data/5027-cutout-HSC-G-9374-pdr3_wide.fits,merger,"(4813.75, 9627.5]"
6770,merger_datasets/train_data/4734-cutout-HSC-G-9373-pdr3_wide.fits,merger,"(4813.75, 9627.5]"
1848,dual_AGN_datasets/Rotated_AGN_diff_fltrs/HSC_G/downloaded_images/1.05_arcsecond_separations/downloaded_images/QSO_000035.59-003146.1_HSC_HSC-G_rotated_310_degrees.fits,dual_agn,"(-19.255, 4813.75]"
5578,merger_datasets/train_data/3231-cutout-HSC-G-9587-pdr3_wide.fits,merger,"(4813.75, 9627.5]"
520,dual_AGN_datasets/HSC_I/simulated_double_AGN_images_spring/1.0_asec_separations/QSO_145334_07_425647_4_rotated_340_degrees_1.0_QSO_105106_11_004828_1_.fits,dual_agn,"(-19.255, 4813.75]"
5839,merger_datasets/train_data/4335-cutout-HSC-G-9351-pdr3_wide.fits,merger,"(4813.75, 9627.5]"
3234,dual_AGN_datasets/HSC_I/simulated_double_AGN_images_spring/1.3_asec_separations/QSO_145334_07_425647_4_rotated_10_degrees_1.0_QSO_145038_50_000222_4_.fits,dual_agn,"(-19.255, 4813.75]"
6342,merger_datasets/train_data/2563-cutout-HSC-G-9593-pdr3_wide.fits,merger,"(4813.75, 9627.5]"
11933,offset_AGN_datasets/train_data/10_with_AGN_706.fits,offset_agn,"(9627.5, 14441.25]"
12271,offset_AGN_datasets/train_data/6_with_AGN_1179.fits,offset_agn,"(9627.5, 14441.25]"
7968,merger_datasets/train_data/4816-cutout-HSC-G-9376-pdr3_wide.fits,merger,"(4813.75, 9627.5]"
1628,dual_AGN_datasets/train_data/4_with_AGN_1191.fits,dual_agn,"(-19.255, 4813.75]"
2620,dual_AGN_datasets/train_data/8_with_AGN_1207.fits,dual_agn,"(-19.255, 4813.75]"
14609,single_AGN_datasets/confirmed_single_AGN_fall/QSO_010307_48_003738_9.fits,single_agn,"(14441.25, 19255.0]"
17241,single_AGN_datasets/confirmed_single_AGN_fall/QSO_001738_41_004904_4.fits,single_agn,"(14441.25, 19255.0]"
18704,single_AGN_datasets/confirmed_single_AGN_fall/QSO_000946_48_022926_8.fits,single_agn,"(14441.25, 19255.0]"
4112,dual_AGN_datasets/HSC_I/simulated_double_AGN_images_spring/2.0_asec_separations/QSO_145334_07_425647_4_rotated_70_degrees_1.0_QSO_112439_79_002557_9_.fits,dual_agn,"(-19.255, 4813.75]"
19153,single_AGN_datasets/confirmed_single_AGN_spring/QSO_121309_52_002738_3.fits,single_agn,"(14441.25, 19255.0]"
12199,offset_AGN_datasets/train_data/9_with_AGN_780.fits,offset_agn,"(9627.5, 14441.25]"
9960,offset_AGN_datasets/train_data/5_with_AGN_474.fits,offset_agn,"(9627.5, 14441.25]"
5898,merger_datasets/train_data/4104-cutout-HSC-G-9348-pdr3_wide.fits,merger,"(4813.75, 9627.5]"
6776,merger_datasets/train_data/2072-cutout-HSC-G-9318-pdr3_wide.fits,merger,"(4813.75, 9627.5]"
4532,dual_AGN_datasets/HSC_I/simulated_double_AGN_images_spring/0.6_asec_separations/QSO_145334_07_425647_4_rotated_0_degrees_1.0_QSO_095334_96_003724_4_.fits,dual_agn,"(-19.255, 4813.75]"
1252,dual_AGN_datasets/train_data/5_with_AGN_705.fits,dual_agn,"(-19.255, 4813.75]"
14086,offset_AGN_datasets/train_data/8_with_AGN_817.fits,offset_agn,"(9627.5, 14441.25]"
1613,dual_AGN_datasets/train_data/9_with_AGN_984.fits,dual_agn,"(-19.255, 4813.75]"
13679,offset_AGN_datasets/train_data/15_with_AGN_530.fits,offset_agn,"(9627.5, 14441.25]"
2288,dual_AGN_datasets/train_data/20_with_AGN_7.fits,dual_agn,"(-19.255, 4813.75]"
282,dual_AGN_datasets/HSC_I/simulated_double_AGN_images_spring/1.3_asec_separations/QSO_145334_07_425647_4_rotated_130_degrees_1.0_QSO_105744_32_003706_9_.fits,dual_agn,"(-19.255, 4813.75]"
13139,offset_AGN_datasets/train_data/2_with_AGN_158.fits,offset_agn,"(9627.5, 14441.25]"
1191,dual_AGN_datasets/train_data/8_with_AGN_1021.fits,dual_agn,"(-19.255, 4813.75]"
2550,dual_AGN_datasets/train_data/17_with_AGN_622.fits,dual_agn,"(-19.255, 4813.75]"
667,dual_AGN_datasets/HSC_I/simulated_double_AGN_images_spring/1.1_asec_separations/QSO_145334_07_425647_4_rotated_170_degrees_1.0_QSO_115647_18_011208_6_.fits,dual_agn,"(-19.255, 4813.75]"
17041,single_AGN_datasets/confirmed_single_AGN_spring/QSO_094913_63_002613_4.fits,single_agn,"(14441.25, 19255.0]"
6126,merger_datasets/train_data/6889-cutout-HSC-G-9371-pdr3_wide.fits,merger,"(4813.75, 9627.5]"
1594,dual_AGN_datasets/HSC_I/simulated_double_AGN_images_spring/0.6_asec_separations/QSO_145334_07_425647_4_rotated_200_degrees_1.0_QSO_102050_32_014052_2_.fits,dual_agn,"(-19.255, 4813.75]"
6745,merger_datasets/train_data/2043-cutout-HSC-G-9314-pdr3_wide.fits,merger,"(4813.75, 9627.5]"
14129,offset_AGN_datasets/train_data/11_with_AGN_1396.fits,offset_agn,"(9627.5, 14441.25]"
14156,offset_AGN_datasets/train_data/0_with_AGN_589.fits,offset_agn,"(9627.5, 14441.25]"
309,dual_AGN_datasets/HSC_I/simulated_double_AGN_images_spring/0.6_asec_separations/QSO_145334_07_425647_4_rotated_350_degrees_1.0_QSO_111455_39_020127_0_.fits,dual_agn,"(-19.255, 4813.75]"
16535,single_AGN_datasets/confirmed_single_AGN/QSO_010743.56+034359.0.fits,single_agn,"(14441.25, 19255.0]"
16639,single_AGN_datasets/confirmed_single_AGN_fall/QSO_003203_58_021111_5.fits,single_agn,"(14441.25, 19255.0]"
8357,merger_datasets/train_data/3081-cutout-HSC-G-9591-pdr3_wide.fits,merger,"(4813.75, 9627.5]"
15337,single_AGN_datasets/confirmed_single_AGN_fall/QSO_002005_24_022924_5.fits,single_agn,"(14441.25, 19255.0]"
2698,dual_AGN_datasets/train_data/8_with_AGN_657.fits,dual_agn,"(-19.255, 4813.75]"
16562,single_AGN_datasets/confirmed_single_AGN_spring/QSO_131236_86_003945_7.fits,single_agn,"(14441.25, 19255.0]"
18421,single_AGN_datasets/confirmed_single_AGN/QSO_001430.31-004128.8.fits,single_agn,"(14441.25, 19255.0]"
1812,dual_AGN_datasets/HSC_I/simulated_double_AGN_images_spring/1.0_asec_separations/QSO_145334_07_425647_4_rotated_160_degrees_1.0_QSO_091445_83_015808_9_.fits,dual_agn,"(-19.255, 4813.75]"
10219,offset_AGN_datasets/train_data/5_with_AGN_839.fits,offset_agn,"(9627.5, 14441.25]"
16889,single_AGN_datasets/confirmed_single_AGN_spring/QSO_140102_35_000206_0.fits,single_agn,"(14441.25, 19255.0]"
4629,dual_AGN_datasets/HSC_I/simulated_double_AGN_images_spring/0.7_asec_separations/QSO_145334_07_425647_4_rotated_180_degrees_1.0_QSO_105744_32_003706_9_.fits,dual_agn,"(-19.255, 4813.75]"
10638,offset_AGN_datasets/train_data/17_with_AGN_37.fits,offset_agn,"(9627.5, 14441.25]"
12357,offset_AGN_datasets/train_data/15_with_AGN_580.fits,offset_agn,"(9627.5, 14441.25]"
17813,single_AGN_datasets/confirmed_single_AGN/QSO_143456.83-013033.1.fits,single_agn,"(14441.25, 19255.0]"
16498,single_AGN_datasets/confirmed_single_AGN_fall/QSO_011240_23_005203_5.fits,single_agn,"(14441.25, 19255.0]"
843,dual_AGN_datasets/train_data/2_with_AGN_622.fits,dual_agn,"(-19.255, 4813.75]"
4285,dual_AGN_datasets/train_data/12_with_AGN_300.fits,dual_agn,"(-19.255, 4813.75]"
11939,offset_AGN_datasets/train_data/5_with_AGN_820.fits,offset_agn,"(9627.5, 14441.25]"
544,dual_AGN_datasets/train_data/11_with_AGN_444.fits,dual_agn,"(-19.255, 4813.75]"
6528,merger_datasets/train_data/7068-cutout-HSC-G-9371-pdr3_wide.fits,merger,"(4813.75, 9627.5]"
6731,merger_datasets/train_data/7154-cutout-HSC-G-9375-pdr3_wide.fits,merger,"(4813.75, 9627.5]"
10,dual_AGN_datasets/train_data/7_with_AGN_151.fits,dual_agn,"(-19.255, 4813.75]"
8879,merger_datasets/train_data/2356-cutout-HSC-G-9321-pdr3_wide.fits,merger,"(4813.75, 9627.5]"
15936,single_AGN_datasets/confirmed_single_AGN_fall/QSO_003032_73_005440_2.fits,single_agn,"(14441.25, 19255.0]"
16855,single_AGN_datasets/confirmed_single_AGN_spring/QSO_104702_94_013608_9.fits,single_agn,"(14441.25, 19255.0]"
10226,offset_AGN_datasets/train_data/18_with_AGN_60.fits,offset_agn,"(9627.5, 14441.25]"
2156,dual_AGN_datasets/HSC_I/simulated_double_AGN_images_spring/1.8_asec_separations/QSO_145334_07_425647_4_rotated_80_degrees_1.0_QSO_101627_95_003008_6_.fits,dual_agn,"(-19.255, 4813.75]"
5352,merger_datasets/train_data/2776-cutout-HSC-G-9346-pdr3_wide.fits,merger,"(4813.75, 9627.5]"
3320,dual_AGN_datasets/train_data/16_with_AGN_899.fits,dual_agn,"(-19.255, 4813.75]"
838,dual_AGN_datasets/HSC_I/simulated_double_AGN_images_spring/1.8_asec_separations/QSO_145334_07_425647_4_rotated_220_degrees_1.0_QSO_105106_11_004828_1_.fits,dual_agn,"(-19.255, 4813.75]"
11152,offset_AGN_datasets/train_data/0_with_AGN_77.fits,offset_agn,"(9627.5, 14441.25]"
6061,merger_datasets/train_data/3111-cutout-HSC-G-9594-pdr3_wide.fits,merger,"(4813.75, 9627.5]"
5420,merger_datasets/train_data/1251-cutout-HSC-G-9802-pdr3_wide.fits,merger,"(4813.75, 9627.5]"
10096,offset_AGN_datasets/train_data/15_with_AGN_1293.fits,offset_agn,"(9627.5, 14441.25]"
1707,dual_AGN_datasets/train_data/9_with_AGN_963.fits,dual_agn,"(-19.255, 4813.75]"
7709,merger_datasets/train_data/3691-cutout-HSC-G-9832-pdr3_wide.fits,merger,"(4813.75, 9627.5]"
14388,offset_AGN_datasets/train_data/3_with_AGN_800.fits,offset_agn,"(9627.5, 14441.25]"
11622,offset_AGN_datasets/train_data/8_with_AGN_600.fits,offset_agn,"(9627.5, 14441.25]"
2107,dual_AGN_datasets/HSC_I/simulated_double_AGN_images_spring/0.6_asec_separations/QSO_145334_07_425647_4_rotated_60_degrees_1.0_QSO_145038_50_000222_4_.fits,dual_agn,"(-19.255, 4813.75]"
3851,dual_AGN_datasets/HSC_I/simulated_double_AGN_images_spring/1.6_asec_separations/QSO_145334_07_425647_4_rotated_290_degrees_1.0_QSO_120126_54_010912_8_.fits,dual_agn,"(-19.255, 4813.75]"
8603,merger_datasets/train_data/562-cutout-HSC-G-9563-pdr3_wide.fits,merger,"(4813.75, 9627.5]"
7498,merger_datasets/train_data/699-cutout-HSC-G-9800-pdr3_wide.fits,merger,"(4813.75, 9627.5]"
10891,offset_AGN_datasets/train_data/0_with_AGN_694.fits,offset_agn,"(9627.5, 14441.25]"
18206,single_AGN_datasets/confirmed_single_AGN/QSO_011440.22+032502.8.fits,single_agn,"(14441.25, 19255.0]"
16180,single_AGN_datasets/confirmed_single_AGN/QSO_130236.03+004653.5.fits,single_agn,"(14441.25, 19255.0]"
3268,dual_AGN_datasets/HSC_I/simulated_double_AGN_images_spring/1.4_asec_separations/QSO_145334_07_425647_4_rotated_70_degrees_1.0_QSO_133059_10_005805_2_.fits,dual_agn,"(-19.255, 4813.75]"
7092,merger_datasets/train_data/3840-cutout-HSC-G-9831-pdr3_wide.fits,merger,"(4813.75, 9627.5]"
10199,offset_AGN_datasets/train_data/5_with_AGN_306.fits,offset_agn,"(9627.5, 14441.25]"
15278,single_AGN_datasets/confirmed_single_AGN_fall/QSO_010321_04_002031_5.fits,single_agn,"(14441.25, 19255.0]"
16354,single_AGN_datasets/confirmed_single_AGN/QSO_084541.22+001316.3.fits,single_agn,"(14441.25, 19255.0]"
978,dual_AGN_datasets/Rotated_AGN_diff_fltrs/HSC_G/downloaded_images/2.0_arcsecond_separations/downloaded_images/QSO_000035.59-003146.1_HSC_HSC-G_rotated_330_degrees.fits,dual_agn,"(-19.255, 4813.75]"
7821,merger_datasets/train_data/6298-cutout-HSC-G-9615-pdr3_wide.fits,merger,"(4813.75, 9627.5]"
17965,single_AGN_datasets/confirmed_single_AGN_spring/QSO_104515_77_012345_0.fits,single_agn,"(14441.25, 19255.0]"
16176,single_AGN_datasets/confirmed_single_AGN/QSO_014606.58+010143.2.fits,single_agn,"(14441.25, 19255.0]"
16306,single_AGN_datasets/confirmed_single_AGN/QSO_092010.68-002617.0.fits,single_agn,"(14441.25, 19255.0]"
7480,merger_datasets/train_data/3138-cutout-HSC-G-9588-pdr3_wide.fits,merger,"(4813.75, 9627.5]"
7225,merger_datasets/train_data/1079-cutout-HSC-G-9557-pdr3_wide.fits,merger,"(4813.75, 9627.5]"
18387,single_AGN_datasets/confirmed_single_AGN/QSO_005808.22+045543.5.fits,single_agn,"(14441.25, 19255.0]"
220,dual_AGN_datasets/HSC_I/simulated_double_AGN_images_spring/1.3_asec_separations/QSO_145334_07_425647_4_rotated_100_degrees_1.0_QSO_123756_87_003016_3_.fits,dual_agn,"(-19.255, 4813.75]"
10339,offset_AGN_datasets/train_data/3_with_AGN_777.fits,offset_agn,"(9627.5, 14441.25]"
8566,merger_datasets/train_data/434-cutout-HSC-G-9560-pdr3_wide.fits,merger,"(4813.75, 9627.5]"
68,dual_AGN_datasets/train_data/14_with_AGN_511.fits,dual_agn,"(-19.255, 4813.75]"
14793,single_AGN_datasets/confirmed_single_AGN_spring/QSO_142945_72_011141_2.fits,single_agn,"(14441.25, 19255.0]"
15745,single_AGN_datasets/confirmed_single_AGN_fall/QSO_001552_31_001729_8.fits,single_agn,"(14441.25, 19255.0]"
7387,merger_datasets/train_data/1353-cutout-HSC-G-9802-pdr3_wide.fits,merger,"(4813.75, 9627.5]"
16171,single_AGN_datasets/confirmed_single_AGN_fall/QSO_000957_95_004913_4.fits,single_agn,"(14441.25, 19255.0]"
8208,merger_datasets/train_data/7181-cutout-HSC-G-9369-pdr3_wide.fits,merger,"(4813.75, 9627.5]"
15399,single_AGN_datasets/confirmed_single_AGN/QSO_000809.90+024540.7.fits,single_agn,"(14441.25, 19255.0]"
14769,single_AGN_datasets/confirmed_single_AGN_spring/QSO_135118_79_020830_3.fits,single_agn,"(14441.25, 19255.0]"
116,dual_AGN_datasets/HSC_I/simulated_double_AGN_images_spring/1.0_asec_separations/QSO_145334_07_425647_4_rotated_90_degrees_1.0_QSO_125032_84_010514_3_.fits,dual_agn,"(-19.255, 4813.75]"
2436,dual_AGN_datasets/train_data/9_with_AGN_613.fits,dual_agn,"(-19.255, 4813.75]"
16730,single_AGN_datasets/confirmed_single_AGN_fall/QSO_001713_40_002448_6.fits,single_agn,"(14441.25, 19255.0]"
436,dual_AGN_datasets/train_data/5_with_AGN_1050.fits,dual_agn,"(-19.255, 4813.75]"
16123,single_AGN_datasets/confirmed_single_AGN/QSO_114834.91-021852.0.fits,single_agn,"(14441.25, 19255.0]"
